local_path,id,user_nid,date_taken,capture_device,lon,lat,autotags,ISO,shutter,aperture,focal,count,modelyear,type,stype,size,emp,make,date,year,month,isoweekday,hour,secpast,photo_url,views,faves,density,geopoint,p1_km,p2_km,p3_km,p4_km
/Users/damoncrockett/Desktop/astrophotography_data/images/8322292662_520213b2cb.jpg,8322292662,99771506@N00,2012-11-07 06:43:52.0,OLYMPUS+IMAGING+CORP.+E-5,170.463877,-43.987357,"abstract:0.9300,black background:0.5100,black:0.5100,bright:0.6970,outdoor:0.7400,path:0.5430,quirky:0.7200,rain:0.8510,serene:0.5530,surreal:0.5490,texture:0.9390,urban decay:0.5060,water:0.5520",800,29977%2F100,4,17.0,1.0,2010.0,dslr,cmos,224.9,12.0,OLYMPUS,2012-11-07 06:43:52,2012,11,3,6,568622632.0,http://www.flickr.com/photos/99771506@N00/8322292662/,"13,852",28,3.895511657e-05,POINT (170.463877 -43.987357),15923.22619,23485.3548541,466.735317887,21608.7610347
/Users/damoncrockett/Desktop/astrophotography_data/images/7614009192_c1a44abd4b.jpg,7614009192,8287523@N08,2012-07-15 22:55:12.0,Canon+EOS+5D+Mark+III,172.620719,-43.660856,"abstract:0.7600,architecture:0.6810,art:0.7870,aurora:0.9830,black background:0.9400,black:0.9400,bright:0.6790,chromatic:0.6990,fireworks:0.5040,fountain:0.6810,green:0.8710,light painting:0.7870,nature:0.9830,neon light:0.8300,night:0.8730,outdoor:0.6480,serene:0.6480,sun:0.6620,sunrise:0.5790,texture:0.6050",1600,20,2.8,16.0,47.0,2012.0,dslr,cmos,864.0,22.0,CANON,2012-07-15 22:55:12,2012,7,7,22,558744912.0,http://www.flickr.com/photos/8287523@N08/7614009192/,"4,279",189,4.07739246414e-05,POINT (172.620719 -43.660856),16020.64147,23639.9325393,315.448782325,21807.8401358
/Users/damoncrockett/Desktop/astrophotography_data/images/8313804804_0d76212d38.jpg,8313804804,77677429@N05,2012-12-27 19:38:12.0,,170.464993,-43.985674,"aurora:0.6560,concert:0.5490,dusk:0.6130,music:0.5490,nature:0.6560,night:0.5610,outdoor:0.7070",,,,,,,,,,,,2012-12-27 19:38:12,2012,12,4,19,572989092.0,http://www.flickr.com/photos/77677429@N05/8313804804/,712,0,3.89618243151e-05,POINT (170.464993 -43.985674),15923.168199,23485.3684298,466.545881237,21608.8545996
/Users/damoncrockett/Desktop/astrophotography_data/images/8312755269_2c7d7dee9d.jpg,8312755269,77677429@N05,2012-12-27 19:38:12.0,,170.464993,-43.985674,"concert:0.6260,music:0.6260,outdoor:0.6850",,,,,,,,,,,,2012-12-27 19:38:12,2012,12,4,19,572989092.0,http://www.flickr.com/photos/77677429@N05/8312755269/,"1,210",0,3.89618243151e-05,POINT (170.464993 -43.985674),15923.168199,23485.3684298,466.545881237,21608.8545996
/Users/damoncrockett/Desktop/astrophotography_data/images/8427627857_a3ff43600e.jpg,8427627857,77677429@N05,2013-01-30 13:35:11.0,,170.464993,-43.985674,"abstract:0.5660,art:0.6210,aurora:0.6960,black background:0.9340,black:0.9340,bubble:0.7140,circle:0.5950,fireworks:0.9350,fractal:0.6590,light painting:0.6210,lunar:0.8450,magenta:0.6370,moon:0.8450,nature:0.8450,neon light:0.6730,night:0.5580,outdoor:0.9070,purple:0.9480,round:0.5950,sun:0.8480,texture:0.8710",,,,,,,,,,,,2013-01-30 13:35:11,2013,1,3,13,575904911.0,http://www.flickr.com/photos/77677429@N05/8427627857/,680,0,3.89618243151e-05,POINT (170.464993 -43.985674),15923.168199,23485.3684298,466.545881237,21608.8545996
/Users/damoncrockett/Desktop/astrophotography_data/images/9397688377_f7ee950dab.jpg,9397688377,77677429@N05,2013-07-29 22:21:03.0,Canon+EOS+5D+Mark+II,170.656299,-43.824991,"abstract:0.8290,alley:0.5330,aurora:0.7880,gray:0.7360,lunar:0.5360,minimalism:0.8710,moon:0.5360,nature:0.7880,night:0.6990,outdoor:0.9050,quirky:0.5660,rain:0.7320,sign:0.6430,street sign:0.6430,surreal:0.5900,text:0.9080,texture:0.7200,urban decay:0.8020",3200,15,2,24.0,124.0,2008.0,dslr,cmos,864.0,21.0,CANON,2013-07-29 22:21:03,2013,7,1,22,591488463.0,http://www.flickr.com/photos/77677429@N05/9397688377/,"1,727",0,3.96278047012e-05,POINT (170.656299 -43.824991),15922.3716422,23493.302492,442.961962697,21625.6967768
/Users/damoncrockett/Desktop/astrophotography_data/images/9397689159_b3619ecb94.jpg,9397689159,77677429@N05,2013-07-29 22:16:44.0,Canon+EOS+5D+Mark+II,170.656299,-43.824991,"abstract:0.7150,art:0.5370,aurora:0.6550,book:0.5290,dusk:0.5730,hdr:0.6180,lunar:0.5110,minimalism:0.5030,moon:0.5110,nature:0.6550,night:0.5840,outdoor:0.9230,quirky:0.6510,rain:0.6860,storm:0.6110,surreal:0.6750,text:0.5760,texture:0.7470,water:0.5730",3200,48,3.5,24.0,124.0,2008.0,dslr,cmos,864.0,21.0,CANON,2013-07-29 22:16:44,2013,7,1,22,591488204.0,http://www.flickr.com/photos/77677429@N05/9397689159/,"1,683",0,3.96278047012e-05,POINT (170.656299 -43.824991),15922.3716422,23493.302492,442.961962697,21625.6967768
/Users/damoncrockett/Desktop/astrophotography_data/images/9397690659_3744f3a3d6.jpg,9397690659,77677429@N05,2013-07-29 22:11:38.0,Canon+EOS+5D+Mark+II,170.656299,-43.824991,"abstract:0.7690,alley:0.5510,art:0.8050,aurora:0.5010,black background:0.5330,black:0.5330,bonfire:0.6370,bright:0.5870,fire:0.6370,fireworks:0.5360,light painting:0.8050,minimalism:0.5460,nature:0.5400,neon light:0.9010,night:0.7810,outdoor:0.9340,quirky:0.8100,racing:0.5620,rain:0.8360,romantic:0.5550,sign:0.7530,sport:0.5620,street sign:0.7530,surreal:0.6800,text:0.9320,texture:0.6260,urban decay:0.5590,writing:0.5400",3200,39,3.5,24.0,124.0,2008.0,dslr,cmos,864.0,21.0,CANON,2013-07-29 22:11:38,2013,7,1,22,591487898.0,http://www.flickr.com/photos/77677429@N05/9397690659/,"1,690",0,3.96278047012e-05,POINT (170.656299 -43.824991),15922.3716422,23493.302492,442.961962697,21625.6967768
/Users/damoncrockett/Desktop/astrophotography_data/images/9397691855_fc83c62fce.jpg,9397691855,77677429@N05,2013-07-29 21:40:58.0,Canon+EOS+5D+Mark+II,170.656299,-43.824991,"aurora:0.5320,landscape:0.5230,nature:0.5320,outdoor:0.9350,shore:0.5230",3200,20,2,24.0,124.0,2008.0,dslr,cmos,864.0,21.0,CANON,2013-07-29 21:40:58,2013,7,1,21,591486058.0,http://www.flickr.com/photos/77677429@N05/9397691855/,"1,639",0,3.96278047012e-05,POINT (170.656299 -43.824991),15922.3716422,23493.302492,442.961962697,21625.6967768
/Users/damoncrockett/Desktop/astrophotography_data/images/9397691923_7dc00b2802.jpg,9397691923,77677429@N05,2013-07-29 22:01:56.0,Canon+EOS+5D+Mark+II,170.656299,-43.824991,"aerial:0.5710,dust storm:0.5120,landscape:0.5200,nature:0.5200,outdoor:0.9300,shore:0.5200,sky:0.9100",3200,30,2.8,24.0,124.0,2008.0,dslr,cmos,864.0,21.0,CANON,2013-07-29 22:01:56,2013,7,1,22,591487316.0,http://www.flickr.com/photos/77677429@N05/9397691923/,"1,736",0,3.96278047012e-05,POINT (170.656299 -43.824991),15922.3716422,23493.302492,442.961962697,21625.6967768
/Users/damoncrockett/Desktop/astrophotography_data/images/9397694017_33739c6210.jpg,9397694017,77677429@N05,2013-07-29 21:21:37.0,Canon+EOS+5D+Mark+II,170.656299,-43.824991,"abstract:0.8480,art:0.5110,boat:0.6010,dusk:0.5800,ethereal:0.5740,gondola:0.6010,lines:0.5470,lunar:0.5460,minimalism:0.8000,moon:0.5460,nature:0.5460,night:0.6980,outdoor:0.9100,passageway:0.5100,quirky:0.5770,rain:0.6990,surreal:0.7730,swing:0.5080,symmetry:0.6030,texture:0.5750,trapeze:0.5230,urban decay:0.8860,vehicle:0.6010,windmill:0.6210",3200,10,2,24.0,124.0,2008.0,dslr,cmos,864.0,21.0,CANON,2013-07-29 21:21:37,2013,7,1,21,591484897.0,http://www.flickr.com/photos/77677429@N05/9397694017/,"1,896",1,3.96278047012e-05,POINT (170.656299 -43.824991),15922.3716422,23493.302492,442.961962697,21625.6967768
/Users/damoncrockett/Desktop/astrophotography_data/images/9397694927_4d1b2ec017.jpg,9397694927,77677429@N05,2013-07-29 21:24:11.0,Canon+EOS+5D+Mark+II,170.656299,-43.824991,"alley:0.5150,art:0.7130,black background:0.5620,black:0.5620,bright:0.5400,light painting:0.7130,neon light:0.6500,night:0.7600,quirky:0.5610,surreal:0.7680,urban decay:0.7270",3200,10,2,24.0,124.0,2008.0,dslr,cmos,864.0,21.0,CANON,2013-07-29 21:24:11,2013,7,1,21,591485051.0,http://www.flickr.com/photos/77677429@N05/9397694927/,"1,494",0,3.96278047012e-05,POINT (170.656299 -43.824991),15922.3716422,23493.302492,442.961962697,21625.6967768
/Users/damoncrockett/Desktop/astrophotography_data/images/9400438436_d67dda84ee.jpg,9400438436,77677429@N05,2013-07-29 23:49:01.0,Canon+EOS+5D+Mark+II,170.656299,-43.824991,"architecture:0.5110,art:0.6290,aurora:0.7790,boat:0.5460,city:0.5110,cityscape:0.5110,light painting:0.6290,minimalism:0.5420,nature:0.7790,neon light:0.6960,night:0.8270,outdoor:0.9180,rain:0.5820,sign:0.5250,skyline:0.5020,street sign:0.5250,text:0.6080,urban decay:0.7330,vehicle:0.5460",3200,20,2,24.0,124.0,2008.0,dslr,cmos,864.0,21.0,CANON,2013-07-29 23:49:01,2013,7,1,23,591493741.0,http://www.flickr.com/photos/77677429@N05/9400438436/,"1,654",0,3.96278047012e-05,POINT (170.656299 -43.824991),15922.3716422,23493.302492,442.961962697,21625.6967768
/Users/damoncrockett/Desktop/astrophotography_data/images/9400451614_39d3bd6841.jpg,9400451614,77677429@N05,2013-07-29 22:50:12.0,Canon+EOS+5D+Mark+II,170.656299,-43.824991,"alley:0.5590,art:0.7240,light painting:0.7240,minimalism:0.5610,neon light:0.7190,night:0.7360,outdoor:0.9100,quirky:0.5870,rain:0.5590,sign:0.7410,street sign:0.7410,text:0.9380,urban decay:0.5760,writing:0.6940",3200,15,2,24.0,124.0,2008.0,dslr,cmos,864.0,21.0,CANON,2013-07-29 22:50:12,2013,7,1,22,591490212.0,http://www.flickr.com/photos/77677429@N05/9400451614/,"1,636",0,3.96278047012e-05,POINT (170.656299 -43.824991),15922.3716422,23493.302492,442.961962697,21625.6967768
/Users/damoncrockett/Desktop/astrophotography_data/images/9400452698_9fb3a16033.jpg,9400452698,77677429@N05,2013-07-29 22:27:30.0,Canon+EOS+5D+Mark+II,170.656299,-43.824991,"abstract:0.8230,black background:0.5450,black:0.6130,gray:0.5610,lunar:0.5260,minimalism:0.6270,moon:0.5260,nature:0.5260,night:0.6950,outdoor:0.9010,rain:0.7380,serene:0.5020,snow:0.6070,surreal:0.7480,text:0.8640,texture:0.7470,urban decay:0.6800,water:0.5720,writing:0.5560",3200,15,2,24.0,124.0,2008.0,dslr,cmos,864.0,21.0,CANON,2013-07-29 22:27:30,2013,7,1,22,591488850.0,http://www.flickr.com/photos/77677429@N05/9400452698/,"1,737",0,3.96278047012e-05,POINT (170.656299 -43.824991),15922.3716422,23493.302492,442.961962697,21625.6967768
/Users/damoncrockett/Desktop/astrophotography_data/images/9400452700_1c78b11fcd.jpg,9400452700,77677429@N05,2013-07-29 22:23:49.0,Canon+EOS+5D+Mark+II,170.656299,-43.824991,"ethereal:0.5410,nature:0.5120,night:0.6570,outdoor:0.9110,rain:0.5810,surreal:0.6810,urban decay:0.7560",3200,15,2,24.0,124.0,2008.0,dslr,cmos,864.0,21.0,CANON,2013-07-29 22:23:49,2013,7,1,22,591488629.0,http://www.flickr.com/photos/77677429@N05/9400452700/,"1,758",0,3.96278047012e-05,POINT (170.656299 -43.824991),15922.3716422,23493.302492,442.961962697,21625.6967768
/Users/damoncrockett/Desktop/astrophotography_data/images/9400455084_3a2f36950c.jpg,9400455084,77677429@N05,2013-07-29 22:14:08.0,Canon+EOS+5D+Mark+II,170.656299,-43.824991,outdoor:0.7920,3200,33,3.5,24.0,124.0,2008.0,dslr,cmos,864.0,21.0,CANON,2013-07-29 22:14:08,2013,7,1,22,591488048.0,http://www.flickr.com/photos/77677429@N05/9400455084/,"1,775",0,3.96278047012e-05,POINT (170.656299 -43.824991),15922.3716422,23493.302492,442.961962697,21625.6967768
/Users/damoncrockett/Desktop/astrophotography_data/images/9400456920_89e191e24e.jpg,9400456920,77677429@N05,2013-07-29 22:07:12.0,Canon+EOS+5D+Mark+II,170.656299,-43.824991,"abstract:0.6840,art:0.6320,aurora:0.5660,light painting:0.6320,minimalism:0.6100,nature:0.5660,neon light:0.7610,night:0.7170,outdoor:0.9340,quirky:0.7430,rain:0.8170,sign:0.6890,sky:0.9070,street sign:0.6890,surreal:0.6400,text:0.9430,texture:0.6440,writing:0.6680",3200,53,3.5,24.0,124.0,2008.0,dslr,cmos,864.0,21.0,CANON,2013-07-29 22:07:12,2013,7,1,22,591487632.0,http://www.flickr.com/photos/77677429@N05/9400456920/,"1,673",0,3.96278047012e-05,POINT (170.656299 -43.824991),15922.3716422,23493.302492,442.961962697,21625.6967768
/Users/damoncrockett/Desktop/astrophotography_data/images/9400458186_1e30ab6ac8.jpg,9400458186,77677429@N05,2013-07-29 21:28:28.0,Canon+EOS+5D+Mark+II,170.656299,-43.824991,outdoor:0.7770,3200,15,2,24.0,124.0,2008.0,dslr,cmos,864.0,21.0,CANON,2013-07-29 21:28:28,2013,7,1,21,591485308.0,http://www.flickr.com/photos/77677429@N05/9400458186/,"1,678",0,3.96278047012e-05,POINT (170.656299 -43.824991),15922.3716422,23493.302492,442.961962697,21625.6967768
/Users/damoncrockett/Desktop/astrophotography_data/images/9400460004_d86fbd67ed.jpg,9400460004,77677429@N05,2013-07-29 21:23:23.0,Canon+EOS+5D+Mark+II,170.656299,-43.824991,"night:0.6070,surreal:0.6750",3200,10,2,24.0,124.0,2008.0,dslr,cmos,864.0,21.0,CANON,2013-07-29 21:23:23,2013,7,1,21,591485003.0,http://www.flickr.com/photos/77677429@N05/9400460004/,"2,060",0,3.96278047012e-05,POINT (170.656299 -43.824991),15922.3716422,23493.302492,442.961962697,21625.6967768
/Users/damoncrockett/Desktop/astrophotography_data/images/9400460126_5552f7ddf7.jpg,9400460126,77677429@N05,2013-07-29 21:17:51.0,Canon+EOS+5D+Mark+II,170.656299,-43.824991,"abstract:0.7200,aurora:0.7480,minimalism:0.5920,nature:0.7480,night:0.7400,outdoor:0.9020,rain:0.5720,texture:0.6630,urban decay:0.5370",3200,10,2,24.0,124.0,2008.0,dslr,cmos,864.0,21.0,CANON,2013-07-29 21:17:51,2013,7,1,21,591484671.0,http://www.flickr.com/photos/77677429@N05/9400460126/,"1,635",0,3.96278047012e-05,POINT (170.656299 -43.824991),15922.3716422,23493.302492,442.961962697,21625.6967768
/Users/damoncrockett/Desktop/astrophotography_data/images/7392123086_822bcb9761.jpg,7392123086,77677429@N05,2012-06-01 20:03:52.0,Canon+EOS+5D+Mark+II,170.464993,-43.985674,"outdoor:0.8590,people:0.6940",6400,0.8,1.6,24.0,124.0,2008.0,dslr,cmos,864.0,21.0,CANON,2012-06-01 20:03:52,2012,6,5,20,554933032.0,http://www.flickr.com/photos/77677429@N05/7392123086/,"1,160",0,3.89618243151e-05,POINT (170.464993 -43.985674),15923.168199,23485.3684298,466.545881237,21608.8545996
/Users/damoncrockett/Desktop/astrophotography_data/images/8434715597_18ea97c84e.jpg,8434715597,77677429@N05,2013-02-02 04:10:13.0,,170.464993,-43.985674,"abstract:0.7830,art:0.6680,aurora:0.5030,black background:0.8620,black:0.8620,bright:0.5530,bubble:0.6500,fireworks:0.7990,light painting:0.6680,lunar:0.6620,moon:0.6620,nature:0.6620,neon light:0.6140,night:0.5950,outdoor:0.6830,rain:0.7500,sun:0.5250,surreal:0.5390,texture:0.9040",,,,,,,,,,,,2013-02-02 04:10:13,2013,2,6,4,576130213.0,http://www.flickr.com/photos/77677429@N05/8434715597/,906,0,3.89618243151e-05,POINT (170.464993 -43.985674),15923.168199,23485.3684298,466.545881237,21608.8545996
/Users/damoncrockett/Desktop/astrophotography_data/images/8435799468_1f5616a59e.jpg,8435799468,77677429@N05,2013-02-02 04:10:12.0,,170.464993,-43.985674,"abstract:0.7470,animal:0.7500,architecture:0.5360,art:0.8420,aurora:0.7840,black background:0.9510,black:0.9510,bright:0.7300,bubble:0.7970,fire:0.5130,fireworks:0.9340,flame:0.5130,fountain:0.5360,fractal:0.7540,jellyfish:0.7500,light painting:0.8420,lunar:0.8460,moon:0.8460,nature:0.8460,neon light:0.8780,night:0.7790,outdoor:0.9120,purple:0.9010,rain:0.6390,sun:0.7430,surreal:0.6060,texture:0.9210",,,,,,,,,,,,2013-02-02 04:10:12,2013,2,6,4,576130212.0,http://www.flickr.com/photos/77677429@N05/8435799468/,"1,021",2,3.89618243151e-05,POINT (170.464993 -43.985674),15923.168199,23485.3684298,466.545881237,21608.8545996
/Users/damoncrockett/Desktop/astrophotography_data/images/8440380536_43e972f85c.jpg,8440380536,77677429@N05,2013-02-03 17:41:50.0,,170.465143,-43.985442,"aircraft:0.6270,airplane wing:0.6270,airplane:0.6270,aurora:0.5350,cloud:0.9710,dusk:0.7860,lake:0.5360,landscape:0.7370,minimalism:0.5000,mountain:0.7370,nature:0.7370,night:0.5210,outdoor:0.9530,sea:0.6260,serene:0.6140,sky:0.9580,skyline:0.5150,storm:0.8470,sunlight:0.6490,sunrise:0.5700,sunset:0.8160,vehicle:0.6270",,,,,,,,,,,,2013-02-03 17:41:50,2013,2,7,17,576265310.0,http://www.flickr.com/photos/77677429@N05/8440380536/,956,0,3.89627469739e-05,POINT (170.465143 -43.985442),15923.1599912,23485.3700011,466.520018644,21608.8671396
/Users/damoncrockett/Desktop/astrophotography_data/images/8498617931_91df5b7e8f.jpg,8498617931,77677429@N05,2013-02-23 00:55:46.0,Canon+EOS+5D+Mark+II,170.464993,-43.985674,"abstract:0.7920,ancient:0.5400,animal:0.7570,art:0.5500,black background:0.9900,black:0.9900,bubble:0.5120,circle:0.9810,curve:0.5310,foothill:0.5350,full moon:0.9980,hill:0.5350,jellyfish:0.7570,landscape:0.5350,lunar:1.0000,minimalism:0.7560,moon:1.0000,nature:1.0000,night:0.5340,outdoor:0.9080,pattern:0.6650,photomicrograph:0.6610,round:0.9810,satellite:0.6710,sea:0.5280,serene:0.6190,sun:0.7600,texture:0.9060",400,1%2F1600,,50.0,124.0,2008.0,dslr,cmos,864.0,21.0,CANON,2013-02-23 00:55:46,2013,2,6,0,577932946.0,http://www.flickr.com/photos/77677429@N05/8498617931/,594,0,3.89618243151e-05,POINT (170.464993 -43.985674),15923.168199,23485.3684298,466.545881237,21608.8545996
/Users/damoncrockett/Desktop/astrophotography_data/images/8084650565_ca56af8895.jpg,8084650565,63633763@N00,2012-10-06 21:28:44.0,Canon+EOS+Kiss+X4,175.041646,-36.803031,"aurora:0.6830,black background:0.9300,black:0.9320,bonfire:0.6390,dusk:0.5960,ethereal:0.5660,fire:0.6390,full moon:0.6140,lunar:0.7030,moon:0.7030,nature:0.7030,neon light:0.5580,night:0.8800,outdoor:0.7260,quirky:0.5750,rain:0.7230,serene:0.7510,surreal:0.6570,water:0.5490",400,30,3.5,18.0,14.0,2010.0,dslr,cmos,332.27,18.0,CANON,2012-10-06 21:28:44,2012,10,6,21,565910924.0,http://www.flickr.com/photos/63633763@N00/8084650565/,44,0,3.50046410203e-05,POINT (175.041646 -36.803031),15686.8641923,23545.3396434,501.724293127,22005.9872516
/Users/damoncrockett/Desktop/astrophotography_data/images/8084641616_54b1a2c08f.jpg,8084641616,63633763@N00,2012-10-06 21:25:10.0,Canon+EOS+Kiss+X4,175.041646,-36.803031,"abstract:0.5890,art:0.5880,aurora:0.6110,black background:0.9620,black:0.9620,fireworks:0.5920,full moon:0.5060,light painting:0.5880,lunar:0.6680,monochrome:0.9960,moon:0.6680,nature:0.6680,night:0.7730,outdoor:0.9000,texture:0.5570",800,25,3.5,18.0,14.0,2010.0,dslr,cmos,332.27,18.0,CANON,2012-10-06 21:25:10,2012,10,6,21,565910710.0,http://www.flickr.com/photos/63633763@N00/8084641616/,40,0,3.50046410203e-05,POINT (175.041646 -36.803031),15686.8641923,23545.3396434,501.724293127,22005.9872516
/Users/damoncrockett/Desktop/astrophotography_data/images/8013614077_ea0925c805.jpg,8013614077,63633763@N00,2012-07-17 22:03:15.0,Canon+EOS+Kiss+X4,174.758834,-36.851032,"black background:0.9170,black:0.9170,monochrome:0.9330",800,8,4.5,18.0,14.0,2010.0,dslr,cmos,332.27,18.0,CANON,2012-07-17 22:03:15,2012,7,2,22,558914595.0,http://www.flickr.com/photos/63633763@N00/8013614077/,39,0,3.54264790302e-05,POINT (174.758834 -36.851032),15673.6441822,23524.8064297,496.061635537,21979.6891907
/Users/damoncrockett/Desktop/astrophotography_data/images/8084664311_095e1f58d0.jpg,8084664311,63633763@N00,2012-10-06 21:32:19.0,Canon+EOS+Kiss+X4,175.041646,-36.803031,"abstract:0.6790,art:0.5600,aurora:0.6560,black background:0.9230,black:0.9230,bonfire:0.5560,fire:0.5560,fireworks:0.5870,light painting:0.5600,monochrome:0.9830,nature:0.6560,night:0.7210,outdoor:0.7840,rain:0.6550,serene:0.5630,texture:0.7050",400,30,3.5,18.0,14.0,2010.0,dslr,cmos,332.27,18.0,CANON,2012-10-06 21:32:19,2012,10,6,21,565911139.0,http://www.flickr.com/photos/63633763@N00/8084664311/,34,0,3.50046410203e-05,POINT (175.041646 -36.803031),15686.8641923,23545.3396434,501.724293127,22005.9872516
/Users/damoncrockett/Desktop/astrophotography_data/images/8084658555_aec0f423e2.jpg,8084658555,63633763@N00,2012-10-06 21:30:13.0,Canon+EOS+Kiss+X4,175.041646,-36.803031,"abstract:0.6510,art:0.5620,aurora:0.6570,black background:0.9420,black:0.9420,bonfire:0.5520,fire:0.5520,fireworks:0.5890,light painting:0.5620,lunar:0.6550,monochrome:0.9900,moon:0.6550,nature:0.6570,night:0.8080,outdoor:0.7640,rain:0.6720,texture:0.6250",400,30,3.5,18.0,14.0,2010.0,dslr,cmos,332.27,18.0,CANON,2012-10-06 21:30:13,2012,10,6,21,565911013.0,http://www.flickr.com/photos/63633763@N00/8084658555/,32,0,3.50046410203e-05,POINT (175.041646 -36.803031),15686.8641923,23545.3396434,501.724293127,22005.9872516
/Users/damoncrockett/Desktop/astrophotography_data/images/8013612118_2a31b29c48.jpg,8013612118,63633763@N00,2012-07-17 21:55:52.0,Canon+EOS+Kiss+X4,174.758834,-36.851032,"black background:0.7760,black:0.7760,outdoor:0.7110",400,20,4.5,18.0,14.0,2010.0,dslr,cmos,332.27,18.0,CANON,2012-07-17 21:55:52,2012,7,2,21,558914152.0,http://www.flickr.com/photos/63633763@N00/8013612118/,40,0,3.54264790302e-05,POINT (174.758834 -36.851032),15673.6441822,23524.8064297,496.061635537,21979.6891907
/Users/damoncrockett/Desktop/astrophotography_data/images/8084635760_097437a50a.jpg,8084635760,63633763@N00,2012-10-06 21:23:00.0,Canon+EOS+Kiss+X4,175.041646,-36.803031,"abstract:0.7340,art:0.5410,aurora:0.6260,black background:0.9480,black:0.9480,fireworks:0.6250,light painting:0.5410,lunar:0.6300,minimalism:0.5730,monochrome:0.9820,moon:0.6300,nature:0.6300,night:0.7630,outdoor:0.8550,rain:0.6710,texture:0.8830",800,25,3.5,18.0,14.0,2010.0,dslr,cmos,332.27,18.0,CANON,2012-10-06 21:23:00,2012,10,6,21,565910580.0,http://www.flickr.com/photos/63633763@N00/8084635760/,39,0,3.50046410203e-05,POINT (175.041646 -36.803031),15686.8641923,23545.3396434,501.724293127,22005.9872516
/Users/damoncrockett/Desktop/astrophotography_data/images/8084673613_28f084b984.jpg,8084673613,63633763@N00,2012-10-06 21:36:27.0,Canon+EOS+Kiss+X4,175.041646,-36.803031,"aurora:0.7970,black background:0.8540,black:0.9690,bonfire:0.5750,cloud:0.9720,dusk:0.7260,ethereal:0.5590,fire:0.5750,fog:0.5630,foothill:0.6470,hill:0.6470,landscape:0.7480,lunar:0.6800,moon:0.6800,mountain:0.7480,nature:0.7970,night:0.7810,outdoor:0.9330,rain:0.5030,romantic:0.6840,sea:0.5330,serene:0.7930,sky:0.9650,storm:0.7540,sun:0.6560,sunlight:0.6950,sunrise:0.5210,sunset:0.8660,surreal:0.6790",400,30,3.5,18.0,14.0,2010.0,dslr,cmos,332.27,18.0,CANON,2012-10-06 21:36:27,2012,10,6,21,565911387.0,http://www.flickr.com/photos/63633763@N00/8084673613/,51,0,3.50046410203e-05,POINT (175.041646 -36.803031),15686.8641923,23545.3396434,501.724293127,22005.9872516
/Users/damoncrockett/Desktop/astrophotography_data/images/8084668909_8e05a7bbef.jpg,8084668909,63633763@N00,2012-10-06 21:35:07.0,Canon+EOS+Kiss+X4,175.041646,-36.803031,"aurora:0.7140,black background:0.7780,black:0.9490,cloud:0.9570,dusk:0.6840,fog:0.5950,foothill:0.6020,hill:0.6020,landscape:0.7350,lunar:0.7570,moon:0.7570,mountain:0.7350,nature:0.7950,night:0.6960,outdoor:0.9080,romantic:0.6060,sea:0.5910,serene:0.7270,sky:0.9510,storm:0.6560,sun:0.5020,sunlight:0.6410,sunset:0.8410,surreal:0.6690",400,30,3.5,18.0,14.0,2010.0,dslr,cmos,332.27,18.0,CANON,2012-10-06 21:35:07,2012,10,6,21,565911307.0,http://www.flickr.com/photos/63633763@N00/8084668909/,55,0,3.50046410203e-05,POINT (175.041646 -36.803031),15686.8641923,23545.3396434,501.724293127,22005.9872516
/Users/damoncrockett/Desktop/astrophotography_data/images/364420984_d752a5a382.jpg,364420984,59252135@N00,2007-01-22 00:32:36.0,,174.428558,-36.85023,"beach:0.5090,cloud:0.9490,dusk:0.9220,dust storm:0.5490,landscape:0.5090,nature:0.5090,outdoor:0.9580,shore:0.5090,sky:0.9690,storm:0.8150,sun:0.6620,sunrise:0.7230,sunset:0.5080",,,,,,,,,,,,2007-01-22 00:32:36,2007,1,1,0,385777956.0,http://www.flickr.com/photos/59252135@N00/364420984/,523,3,3.56782207604e-05,POINT (174.428558 -36.85023),15654.413903,23498.5597564,497.155567749,21948.8564804
/Users/damoncrockett/Desktop/astrophotography_data/images/6934730385_90a40b1fe0.jpg,6934730385,58513626@N04,2012-02-27 22:28:51.0,SONY+NEX-7,174.810075,-41.337106,"abstract:0.9780,art:0.6240,black background:0.9670,black:0.9670,diagonal:0.5000,ethereal:0.7220,light painting:0.6240,lines:0.6770,lunar:0.5030,minimalism:0.8320,monochrome:0.9210,moon:0.5030,nature:0.5030,neon light:0.5620,night:0.7770,outdoor:0.6380,pattern:0.6920,quirky:0.6800,rain:0.8450,serene:0.5010,surreal:0.7110,texture:0.9490,underwater:0.6240,urban decay:0.5460,water:0.6240",3200,30,,,2.0,2011.0,mrls,cmos,366.6,24.0,SONY,2012-02-27 22:28:51,2012,2,1,22,546733731.0,http://www.flickr.com/photos/58513626@N04/6934730385/,"7,560",51,4.48873445723e-05,POINT (174.810075 -41.337106),15981.941173,23712.7824909,0.0,21999.685477
/Users/damoncrockett/Desktop/astrophotography_data/images/12688149684_241897be70.jpg,12688149684,55198242@N03,2014-02-19 21:50:30.0,NIKON+CORPORATION+NIKON+D800E,172.500028,-43.734669,"art:0.5560,aurora:0.9510,bay:0.6070,beach:0.7410,cloud:0.7360,coast:0.7130,dusk:0.8890,ethereal:0.7020,fog:0.5840,lake:0.6190,landscape:0.7410,light painting:0.5560,mountain:0.5330,nature:0.9510,neon light:0.6050,night:0.8960,ocean:0.8060,outdoor:0.9330,quirky:0.5250,sea:0.9290,seaside:0.7220,serene:0.9210,shore:0.7410,sky:0.9500,skyline:0.5360,sport:0.6410,sun:0.9620,sunlight:0.8520,sunrise:0.8440,sunset:0.9250,surfing:0.6410,water sport:0.6410,water:0.8450,waterfront:0.6070",2000,20,5.6,24.0,6.0,2012.0,dslr,cmos,861.6,36.0,NIKON,2014-02-19 21:50:30,2014,2,3,21,609198630.0,http://www.flickr.com/photos/55198242@N03/12688149684/,"1,083",3,4.051122e-05,POINT (172.500028 -43.734669),16019.0944608,23633.6787866,327.967334635,21797.0312756
/Users/damoncrockett/Desktop/astrophotography_data/images/9709126848_d04ae6b963.jpg,9709126848,55198242@N03,2013-09-09 20:30:10.0,,172.619837,-43.561828,"abstract:0.5180,black background:0.8760,black:0.8760,full moon:0.6850,lunar:0.8120,minimalism:0.7780,monochrome:0.9580,moon:0.8120,nature:0.8120,outdoor:0.6450",,,,,,,,,,,,2013-09-09 20:30:10,2013,9,1,20,595110610.0,http://www.flickr.com/photos/55198242@N03/9709126848/,846,1,4.10902922364e-05,POINT (172.619837 -43.56182800000001),16013.5897224,23635.5752665,306.63942424,21807.1684399
/Users/damoncrockett/Desktop/astrophotography_data/images/12632170505_c70097bb8a.jpg,12632170505,55198242@N03,2014-02-19 22:00:57.0,NIKON+CORPORATION+NIKON+D800E,172.499985,-43.7356,"abstract:0.6640,art:0.5510,aurora:0.9400,black background:0.7840,black:0.7840,bright:0.6840,dark red:0.6730,ethereal:0.7030,fireworks:0.5210,fog:0.5120,light painting:0.5510,magenta:0.6390,nature:0.9400,neon light:0.6400,night:0.7670,outdoor:0.9100,quirky:0.6190,rain:0.7710,red:0.6730,romantic:0.5450,serene:0.8230,sky:0.9290,sun:0.7840,sunrise:0.6280,sunset:0.5610,texture:0.7900,water:0.5940",2500,20,5.6,24.0,6.0,2012.0,dslr,cmos,861.6,36.0,NIKON,2014-02-19 22:00:57,2014,2,3,22,609199257.0,http://www.flickr.com/photos/55198242@N03/12632170505/,missing,missing,4.0508124086e-05,POINT (172.499985 -43.7356),16019.1579599,23633.7158001,328.052669376,21797.0328759
/Users/damoncrockett/Desktop/astrophotography_data/images/12632627084_3a47264b92.jpg,12632627084,55198242@N03,2014-02-19 22:11:10.0,NIKON+CORPORATION+NIKON+D800E,172.499685,-43.73746,"abstract:0.6880,aurora:0.8280,bright:0.6870,dusk:0.6240,ethereal:0.8430,fog:0.6170,minimalism:0.8070,nature:0.8280,night:0.6400,outdoor:0.7320,passageway:0.6140,quirky:0.6630,rain:0.7210,romantic:0.5050,sea:0.6260,serene:0.8210,sky:0.9140,sun:0.7850,sunlight:0.5510,sunrise:0.6370,sunset:0.8040,surreal:0.6330,symmetry:0.6060,texture:0.6310,water:0.7590,windmill:0.5550",2500,20,5.6,24.0,6.0,2012.0,dslr,cmos,861.6,36.0,NIKON,2014-02-19 22:11:10,2014,2,3,22,609199870.0,http://www.flickr.com/photos/55198242@N03/12632627084/,"1,298",4,4.05018973475e-05,POINT (172.499685 -43.73746),16019.2728171,23633.7729813,328.233713457,21797.0161151
/Users/damoncrockett/Desktop/astrophotography_data/images/12632628204_0ca89f325e.jpg,12632628204,55198242@N03,2014-02-19 22:07:40.0,NIKON+CORPORATION+NIKON+D800E,172.499084,-43.734669,"aurora:0.7930,autumn:0.5280,black background:0.5900,black:0.5900,boat:0.5360,bright:0.6580,dusk:0.6350,ethereal:0.9350,figure skating:0.6410,fog:0.7180,foliage:0.5280,ice skating:0.6410,lake:0.6040,landscape:0.6040,minimalism:0.7540,nature:0.7930,night:0.7620,outdoor:0.8470,photo border:0.6950,plant:0.5280,rain:0.6800,romantic:0.8470,rowing boat:0.5360,sea:0.7490,serene:0.9170,skating:0.6410,sky:0.9070,sport:0.6410,sun:0.8590,sunlight:0.6490,sunrise:0.6100,sunset:0.8500,surreal:0.7410,vehicle:0.5360,water:0.6060",2500,20,5.6,24.0,6.0,2012.0,dslr,cmos,861.6,36.0,NIKON,2014-02-19 22:07:40,2014,2,3,22,609199660.0,http://www.flickr.com/photos/55198242@N03/12632628204/,"1,635",4,4.05110469901e-05,POINT (172.499084 -43.734669),16019.0415227,23633.6048527,328.013792301,21796.9432683
/Users/damoncrockett/Desktop/astrophotography_data/images/12632631164_c9b3963741.jpg,12632631164,55198242@N03,2014-02-19 22:05:05.0,NIKON+CORPORATION+NIKON+D800E,172.49947,-43.735042,"art:0.5230,aurora:0.8150,bright:0.5520,dusk:0.5000,ethereal:0.7600,fog:0.5760,light painting:0.5230,magenta:0.5260,nature:0.8150,neon light:0.5840,night:0.7360,outdoor:0.6320,rain:0.5330,romantic:0.5850,serene:0.7080,sun:0.9020,sunset:0.7170",2500,20,5.6,24.0,6.0,2012.0,dslr,cmos,861.6,36.0,NIKON,2014-02-19 22:05:05,2014,2,3,22,609199505.0,http://www.flickr.com/photos/55198242@N03/12632631164/,"3,313",7,4.0509880617e-05,POINT (172.49947 -43.735042),16019.0895757,23633.6512627,328.028131583,21796.9815016
/Users/damoncrockett/Desktop/astrophotography_data/images/8245014891_e453a75d19.jpg,8245014891,55198242@N03,2012-12-03 23:50:00.0,,172.578692,-43.820006,"baggage:0.7150,car part:0.5110,car:0.7210,indoor:0.7210,vehicle:0.7210,windshield:0.5110",,,,,,,,,,,,2012-12-03 23:50:00,2012,12,1,23,570930600.0,http://www.flickr.com/photos/55198242@N03/8245014891/,missing,missing,4.02396502357e-05,POINT (172.578692 -43.820006),16029.5476715,23643.5419096,331.90206878,21804.8809528
/Users/damoncrockett/Desktop/astrophotography_data/images/8246082084_af53673326.jpg,8246082084,55198242@N03,2012-12-03 23:00:00.0,,172.585601,-43.819479,"abstract:0.5660,art:0.6580,black background:0.9330,black:0.9330,dusk:0.5550,fireworks:0.6660,light painting:0.6580,lunar:0.5810,moon:0.5810,nature:0.7820,neon light:0.7220,night:0.8750,organic pattern:0.5090,outdoor:0.9110,pattern:0.5090,rain:0.6300,screenshot:0.7800,serene:0.6290,text:0.7800",,,,,,,,,,,,2012-12-03 23:00:00,2012,12,1,23,570927600.0,http://www.flickr.com/photos/55198242@N03/8246082084/,305,0,4.02426731103e-05,POINT (172.585601 -43.819479),16029.8977319,23644.0600919,331.529663865,21805.5218521
/Users/damoncrockett/Desktop/astrophotography_data/images/12632635284_69c0609fd4.jpg,12632635284,55198242@N03,2014-02-19 21:58:47.0,NIKON+CORPORATION+NIKON+D800E,172.499599,-43.735817,"abstract:0.6010,art:0.5270,aurora:0.9200,bright:0.6400,ethereal:0.7280,fog:0.6170,light painting:0.5270,magenta:0.5450,nature:0.9200,neon light:0.6500,night:0.7900,outdoor:0.8030,quirky:0.5320,rain:0.7030,romantic:0.5560,serene:0.7920,sky:0.9210,sun:0.8460,sunrise:0.5960,sunset:0.6400,texture:0.7370",2500,20,5.6,24.0,6.0,2012.0,dslr,cmos,861.6,36.0,NIKON,2014-02-19 21:58:47,2014,2,3,21,609199127.0,http://www.flickr.com/photos/55198242@N03/12632635284/,"1,320",4,4.05073334391e-05,POINT (172.499599 -43.735817),16019.1516764,23633.694981,328.091057105,21796.9981974
/Users/damoncrockett/Desktop/astrophotography_data/images/5215051785_9317e3239c.jpg,5215051785,53575715@N02,2006-02-17 00:47:15.0,FUJIFILM+FinePix+S602+ZOOM,168.663253,-45.03144,"art:0.5030,black background:0.9330,black:0.9350,full moon:0.5590,light painting:0.5030,lunar:0.6230,monochrome:0.9960,moon:0.6230,nature:0.6230,night:0.6030,outdoor:0.8310",160,15,5.6,26.1,7.0,2002.0,c,ccd,41.5152,3.0,FUJIFILM,2006-02-17 00:47:15,2006,2,5,0,356489235.0,http://www.flickr.com/photos/53575715@N02/5215051785/,409,1,3.36644819351e-05,POINT (168.663253 -45.03144),15898.3741943,23390.8748568,656.376606341,21447.765666
/Users/damoncrockett/Desktop/astrophotography_data/images/8364535116_7b8d4cb71e.jpg,8364535116,42017076@N04,2012-12-04 03:10:53.0,Canon+EOS+60D,174.450874,-35.479683,"autumn:0.5580,blossom:0.5400,depth of field:0.5710,ethereal:0.5870,fog:0.7750,foliage:0.5580,landscape:0.7040,mountain:0.5090,nature:0.9000,organic pattern:0.6960,outdoor:0.9290,pattern:0.6960,plant:0.8540,quirky:0.5430,rain:0.7500,river:0.7040,romantic:0.7050,serene:0.9170,sunset:0.5710,surreal:0.5670,texture:0.6370,tree:0.8540,water:0.7040",100,,,,93.0,2010.0,dslr,cmos,332.27,18.0,CANON,2012-12-04 03:10:53,2012,12,2,3,570942653.0,http://www.flickr.com/photos/42017076@N04/8364535116/,"4,386",56,2.9781668291e-05,POINT (174.450874 -35.479683),15564.2642002,23445.8821619,648.374178666,21948.5191333
/Users/damoncrockett/Desktop/astrophotography_data/images/8112068948_b16d7a1701.jpg,8112068948,42017076@N04,2012-10-19 23:46:14.0,Canon+EOS+60D,174.757118,-36.376238,"animal:0.5290,black background:0.6940,black:0.6940,ethereal:0.6160,nature:0.6760,neon light:0.5020,night:0.7320,outdoor:0.6960,quirky:0.5610,rain:0.6560,romantic:0.5640,serene:0.8160,surreal:0.7010,water:0.5560",400,163,8,15.0,93.0,2010.0,dslr,cmos,332.27,18.0,CANON,2012-10-19 23:46:14,2012,10,5,23,567042374.0,http://www.flickr.com/photos/42017076@N04/8112068948/,"1,771",3,3.34589824409e-05,POINT (174.757118 -36.376238),15641.7956572,23505.7307317,548.560876371,21978.573082
/Users/damoncrockett/Desktop/astrophotography_data/images/3967601845_c048e34a76.jpg,3967601845,39645738@N03,2009-09-30 08:33:20.0,,175.266609,-40.523651,,,,,,,,,,,,,2009-09-30 08:33:20,2009,9,3,8,470651600.0,http://www.flickr.com/photos/39645738@N03/3967601845/,576,1,4.45374083206e-05,POINT (175.266609 -40.523651),15951.9834484,23714.7842292,97.7063560068,22038.6920276
/Users/damoncrockett/Desktop/astrophotography_data/images/3967760595_f29d5dcce6.jpg,3967760595,39645738@N03,2009-09-30 20:03:55.0,,175.266609,-40.523651,"abstract:0.5040,ancient:0.5270,black background:0.9690,black:0.9690,blackandwhite:1.0000,blue:0.7100,circle:0.7020,curve:0.8300,full moon:0.9050,lunar:1.0000,macro:0.6890,monochrome:0.9960,moon:1.0000,nature:1.0000,people:0.6960,radiogram:0.6960,round:0.7020,satellite:0.5760,sun:0.6720",,,,,,,,,,,,2009-09-30 20:03:55,2009,9,3,20,470693035.0,http://www.flickr.com/photos/39645738@N03/3967760595/,475,0,4.45374083206e-05,POINT (175.266609 -40.523651),15951.9834484,23714.7842292,97.7063560068,22038.6920276
/Users/damoncrockett/Desktop/astrophotography_data/images/4139795060_40d452af21.jpg,4139795060,39645738@N03,2009-11-28 14:33:51.0,,175.266609,-40.523651,"blackandwhite:1.0000,bubble:0.5170,lunar:0.9500,monochrome:0.9960,moon:0.9500,nature:0.9500,outdoor:0.9050,photomicrograph:0.8290",,,,,,,,,,,,2009-11-28 14:33:51,2009,11,6,14,475770831.0,http://www.flickr.com/photos/39645738@N03/4139795060/,897,3,4.45374083206e-05,POINT (175.266609 -40.523651),15951.9834484,23714.7842292,97.7063560068,22038.6920276
/Users/damoncrockett/Desktop/astrophotography_data/images/3787751355_d09629e093.jpg,3787751355,39645738@N03,2009-08-04 22:13:46.0,,175.266609,-40.523651,"black background:0.5460,black:0.5460,lunar:0.8490,moon:0.8490,nature:0.8490",,,,,,,,,,,,2009-08-04 22:13:46,2009,8,2,22,465776026.0,http://www.flickr.com/photos/39645738@N03/3787751355/,542,0,4.45374083206e-05,POINT (175.266609 -40.523651),15951.9834484,23714.7842292,97.7063560068,22038.6920276
/Users/damoncrockett/Desktop/astrophotography_data/images/3716150001_b8ca724c4c.jpg,3716150001,39645738@N03,2009-07-14 01:45:32.0,,175.266609,-40.523651,"animal:0.5210,clam:0.5220,food:0.5220,full moon:0.6030,lunar:0.8700,moon:0.8700,nature:0.8700,scallop:0.5210",,,,,,,,,,,,2009-07-14 01:45:32,2009,7,2,1,463887932.0,http://www.flickr.com/photos/39645738@N03/3716150001/,702,0,4.45374083206e-05,POINT (175.266609 -40.523651),15951.9834484,23714.7842292,97.7063560068,22038.6920276
/Users/damoncrockett/Desktop/astrophotography_data/images/4060656060_cc052219ee.jpg,4060656060,39645738@N03,2009-10-31 22:58:16.0,,175.266609,-40.523651,"abstract:0.6170,ancient:0.8430,black background:0.9640,black:0.9640,blackandwhite:1.0000,blue:0.6700,circle:0.9290,curve:0.7500,forest:0.8380,full moon:0.9740,gravel:0.5120,landscape:0.8380,lunar:1.0000,macro:0.8520,monochrome:0.9960,moon:1.0000,nature:1.0000,organic pattern:0.5140,outdoor:0.6360,pattern:0.5610,radiogram:0.5750,rock:0.5120,round:0.9290,satellite:0.5410,sun:0.7310,texture:0.6440",,,,,,,,,,,,2009-10-31 22:58:16,2009,10,6,22,473381896.0,http://www.flickr.com/photos/39645738@N03/4060656060/,980,5,4.45374083206e-05,POINT (175.266609 -40.523651),15951.9834484,23714.7842292,97.7063560068,22038.6920276
/Users/damoncrockett/Desktop/astrophotography_data/images/3844545332_9a6a1f60b8.jpg,3844545332,39645738@N03,2009-08-21 21:00:38.0,,175.266609,-40.523651,"ball:0.5420,black background:0.6660,black:0.6660,full moon:0.7150,indoor:0.6100,lunar:0.9050,moon:0.9050,nature:0.9050,vessel:0.5430",,,,,,,,,,,,2009-08-21 21:00:38,2009,8,5,21,467240438.0,http://www.flickr.com/photos/39645738@N03/3844545332/,"1,425",2,4.45374083206e-05,POINT (175.266609 -40.523651),15951.9834484,23714.7842292,97.7063560068,22038.6920276
/Users/damoncrockett/Desktop/astrophotography_data/images/5226716929_1e5f6bc226.jpg,5226716929,39645738@N03,2010-12-03 09:22:37.0,,175.263411,-40.522738,"ball game:0.6830,baseball:0.6830,black background:0.5900,black:0.5900,field game:0.6830,head:0.6620,indoor:0.9840,light:0.9100,lunar:0.8340,makeup:0.6620,moon:0.8340,nature:0.8340,people:0.6620,sport:0.6830,symmetry:0.7040",,,,,,,,,,,,2010-12-03 09:22:37,2010,12,5,9,507720157.0,http://www.flickr.com/photos/39645738@N03/5226716929/,"1,687",5,4.45387177727e-05,POINT (175.263411 -40.522738),15951.7377378,23714.493961,97.6953182293,22038.3898403
/Users/damoncrockett/Desktop/astrophotography_data/images/4393967446_dc2d3b43e6.jpg,4393967446,39645738@N03,2010-02-28 15:45:23.0,,175.266609,-40.523651,"abstract:0.7280,ancient:0.7760,black background:0.9550,black:0.9550,blackandwhite:1.0000,blue:0.8700,circle:0.9330,curve:0.8260,forest:0.6440,full moon:0.9430,gravel:0.5120,landscape:0.6440,lunar:1.0000,macro:0.7790,monochrome:0.9960,moon:1.0000,nature:1.0000,outdoor:0.6650,pattern:0.5150,radiogram:0.5440,rock:0.5120,round:0.9330,satellite:0.6440,sun:0.7700,texture:0.6860",,,,,,,,,,,,2010-02-28 15:45:23,2010,2,7,15,483723923.0,http://www.flickr.com/photos/39645738@N03/4393967446/,"4,075",11,4.45374083206e-05,POINT (175.266609 -40.523651),15951.9834484,23714.7842292,97.7063560068,22038.6920276
/Users/damoncrockett/Desktop/astrophotography_data/images/5162577559_010d0ed4f1.jpg,5162577559,39645738@N03,2010-11-10 15:37:30.0,,175.266609,-40.523651,"black background:0.9050,black:0.9050,full moon:0.6170,indoor:0.5070,lunar:0.8550,moon:0.8550,nature:0.8550",,,,,,,,,,,,2010-11-10 15:37:30,2010,11,3,15,505755450.0,http://www.flickr.com/photos/39645738@N03/5162577559/,865,4,4.45374083206e-05,POINT (175.266609 -40.523651),15951.9834484,23714.7842292,97.7063560068,22038.6920276
/Users/damoncrockett/Desktop/astrophotography_data/images/3800882366_97cc200475.jpg,3800882366,39645738@N03,2009-08-08 23:11:33.0,,175.266609,-40.523651,"black background:0.9350,black:0.9350,full moon:0.7020,indoor:0.6230,lunar:0.8760,moon:0.8760,nature:0.8760",,,,,,,,,,,,2009-08-08 23:11:33,2009,8,6,23,466125093.0,http://www.flickr.com/photos/39645738@N03/3800882366/,"1,799",2,4.45374083206e-05,POINT (175.266609 -40.523651),15951.9834484,23714.7842292,97.7063560068,22038.6920276
/Users/damoncrockett/Desktop/astrophotography_data/images/4946701371_5cff6f2401.jpg,4946701371,39645738@N03,2010-09-01 00:13:28.0,Canon+EOS+Kiss+X3,175.266609,-40.523651,"art:0.5330,black background:0.6510,black:0.6510,light painting:0.5330,night:0.5980,passageway:0.5310",1600,120,5.6,18.0,7.0,2009.0,dslr,cmos,332.27,15.0,CANON,2010-09-01 00:13:28,2010,9,3,0,499652008.0,http://www.flickr.com/photos/39645738@N03/4946701371/,761,2,4.45374083206e-05,POINT (175.266609 -40.523651),15951.9834484,23714.7842292,97.7063560068,22038.6920276
/Users/damoncrockett/Desktop/astrophotography_data/images/3774057249_fc3b11e969.jpg,3774057249,39645738@N03,2009-07-31 17:42:36.0,,175.266609,-40.523651,"ball:0.7700,black background:0.6300,black:0.6300,clam:0.5790,food:0.5790,full moon:0.7720,lunar:0.9560,moon:0.9560,nature:0.9560,round:0.7400,white:0.5340",,,,,,,,,,,,2009-07-31 17:42:36,2009,7,5,17,465414156.0,http://www.flickr.com/photos/39645738@N03/3774057249/,"2,414",2,4.45374083206e-05,POINT (175.266609 -40.523651),15951.9834484,23714.7842292,97.7063560068,22038.6920276
/Users/damoncrockett/Desktop/astrophotography_data/images/4082709914_44612f45d1.jpg,4082709914,39645738@N03,2009-11-07 22:44:23.0,,175.266609,-40.523651,"abstract:0.5540,black:0.5100,blackandwhite:1.0000,indoor:0.5050,lunar:0.5400,macro:0.7640,monochrome:0.9960,moon:0.5400,nature:0.5400,pattern:0.5630,texture:0.5820",,,,,,,,,,,,2009-11-07 22:44:23,2009,11,6,22,473985863.0,http://www.flickr.com/photos/39645738@N03/4082709914/,"2,545",2,4.45374083206e-05,POINT (175.266609 -40.523651),15951.9834484,23714.7842292,97.7063560068,22038.6920276
/Users/damoncrockett/Desktop/astrophotography_data/images/4287019043_00d074dcf8.jpg,4287019043,39645738@N03,2010-01-19 11:22:22.0,,175.266609,-40.523651,"animal:0.5530,black background:0.8560,black:0.8560,bokeh:0.6360,circle:0.8280,full moon:0.8790,indoor:0.8700,jellyfish:0.5530,light:0.9010,lunar:0.9280,macro:0.6010,moon:0.8850,nature:0.9280,round:0.8280,sun:0.5280",,,,,,,,,,,,2010-01-19 11:22:22,2010,1,2,11,480252142.0,http://www.flickr.com/photos/39645738@N03/4287019043/,664,0,4.45374083206e-05,POINT (175.266609 -40.523651),15951.9834484,23714.7842292,97.7063560068,22038.6920276
/Users/damoncrockett/Desktop/astrophotography_data/images/5184883833_3cb99378b5.jpg,5184883833,39645738@N03,2010-11-18 09:17:56.0,,175.266609,-40.523651,"blackandwhite:1.0000,lunar:0.9390,monochrome:0.9960,moon:0.9390,nature:0.9390,outdoor:0.9040",,,,,,,,,,,,2010-11-18 09:17:56,2010,11,4,9,506423876.0,http://www.flickr.com/photos/39645738@N03/5184883833/,491,1,4.45374083206e-05,POINT (175.266609 -40.523651),15951.9834484,23714.7842292,97.7063560068,22038.6920276
/Users/damoncrockett/Desktop/astrophotography_data/images/5184883943_c829a5e85a.jpg,5184883943,39645738@N03,2010-11-18 09:17:59.0,,175.266609,-40.523651,"abstract:0.8420,ancient:0.5830,blackandwhite:1.0000,bubble:0.7670,lunar:0.9920,monochrome:0.9960,moon:0.9920,nature:0.9920,pattern:0.6550,photomicrograph:0.7830,rain:0.8880,sport:0.6470,text:0.7250,texture:0.9200,track:0.6470,urban decay:0.7900,water:0.5500,writing:0.5420",,,,,,,,,,,,2010-11-18 09:17:59,2010,11,4,9,506423879.0,http://www.flickr.com/photos/39645738@N03/5184883943/,483,2,4.45374083206e-05,POINT (175.266609 -40.523651),15951.9834484,23714.7842292,97.7063560068,22038.6920276
/Users/damoncrockett/Desktop/astrophotography_data/images/5185485592_8719cd1f1c.jpg,5185485592,39645738@N03,2010-11-18 09:17:53.0,,175.266609,-40.523651,"blackandwhite:1.0000,lunar:0.9650,monochrome:0.9960,moon:0.9650,nature:0.9650,photomicrograph:0.7850",,,,,,,,,,,,2010-11-18 09:17:53,2010,11,4,9,506423873.0,http://www.flickr.com/photos/39645738@N03/5185485592/,420,2,4.45374083206e-05,POINT (175.266609 -40.523651),15951.9834484,23714.7842292,97.7063560068,22038.6920276
/Users/damoncrockett/Desktop/astrophotography_data/images/3802094632_3eef7e104c.jpg,3802094632,39645738@N03,2009-08-08 17:15:49.0,,175.266609,-40.523651,"blackandwhite:1.0000,hand:0.5600,lunar:0.7180,monochrome:0.9960,moon:0.7180,nature:0.7180,radiogram:0.7960",,,,,,,,,,,,2009-08-08 17:15:49,2009,8,6,17,466103749.0,http://www.flickr.com/photos/39645738@N03/3802094632/,427,0,4.45374083206e-05,POINT (175.266609 -40.523651),15951.9834484,23714.7842292,97.7063560068,22038.6920276
/Users/damoncrockett/Desktop/astrophotography_data/images/5185486008_e4fb01e633.jpg,5185486008,39645738@N03,2010-11-18 09:18:04.0,,175.266609,-40.523651,"abstract:0.9640,alley:0.5120,architecture:0.5010,black:0.6540,blackandwhite:1.0000,bubble:0.9650,city:0.5010,cityscape:0.5010,dewdrop:0.7260,fractal:0.5770,ice:0.6650,lunar:0.9740,monochrome:0.9960,moon:0.9740,nature:0.9740,organic pattern:0.6750,outdoor:0.6990,pattern:0.8230,photomicrograph:0.8920,quirky:0.5090,rain:0.9740,spider web:0.6530,surreal:0.7400,text:0.8200,texture:0.9610,underwater:0.5470,urban decay:0.9060,water:0.8610,web:0.6530",,,,,,,,,,,,2010-11-18 09:18:04,2010,11,4,9,506423884.0,http://www.flickr.com/photos/39645738@N03/5185486008/,668,4,4.45374083206e-05,POINT (175.266609 -40.523651),15951.9834484,23714.7842292,97.7063560068,22038.6920276
/Users/damoncrockett/Desktop/astrophotography_data/images/4270019887_76c3e372bd.jpg,4270019887,39645738@N03,2009-12-22 00:15:11.0,,175.266609,-40.523651,"blackandwhite:1.0000,curve:0.5290,lunar:0.9750,monochrome:0.9960,moon:0.9750,nature:0.9750,outdoor:0.8310",,,,,,,,,,,,2009-12-22 00:15:11,2009,12,2,0,477792911.0,http://www.flickr.com/photos/39645738@N03/4270019887/,463,2,4.45374083206e-05,POINT (175.266609 -40.523651),15951.9834484,23714.7842292,97.7063560068,22038.6920276
/Users/damoncrockett/Desktop/astrophotography_data/images/5185486128_9353c05939.jpg,5185486128,39645738@N03,2010-11-18 09:18:07.0,,175.266609,-40.523651,"blackandwhite:1.0000,gravel:0.7190,lunar:0.9610,monochrome:0.9960,moon:0.9610,nature:0.9610,outdoor:0.9140,rock:0.7190",,,,,,,,,,,,2010-11-18 09:18:07,2010,11,4,9,506423887.0,http://www.flickr.com/photos/39645738@N03/5185486128/,418,3,4.45374083206e-05,POINT (175.266609 -40.523651),15951.9834484,23714.7842292,97.7063560068,22038.6920276
/Users/damoncrockett/Desktop/astrophotography_data/images/5185486252_4fc968e698.jpg,5185486252,39645738@N03,2010-11-18 09:18:10.0,,175.266609,-40.523651,"black background:0.5890,black:0.5890,blackandwhite:1.0000,curve:0.8110,lunar:0.7800,minimalism:0.6330,monochrome:0.9960,moon:0.7800,nature:0.7800,outdoor:0.8110",,,,,,,,,,,,2010-11-18 09:18:10,2010,11,4,9,506423890.0,http://www.flickr.com/photos/39645738@N03/5185486252/,439,3,4.45374083206e-05,POINT (175.266609 -40.523651),15951.9834484,23714.7842292,97.7063560068,22038.6920276
/Users/damoncrockett/Desktop/astrophotography_data/images/4270019885_ce19320e44.jpg,4270019885,39645738@N03,2010-01-13 16:14:22.0,,175.266609,-40.523651,"blackandwhite:0.9420,full moon:0.5180,indoor:0.8100,lunar:0.9320,moon:0.9320,nature:0.9320",,,,,,,,,,,,2010-01-13 16:14:22,2010,1,3,16,479751262.0,http://www.flickr.com/photos/39645738@N03/4270019885/,733,7,4.45374083206e-05,POINT (175.266609 -40.523651),15951.9834484,23714.7842292,97.7063560068,22038.6920276
/Users/damoncrockett/Desktop/astrophotography_data/images/4270019879_60f1d5f5d1.jpg,4270019879,39645738@N03,2010-01-12 23:43:52.0,,175.266609,-40.523651,"black background:0.6680,black:0.6680,blue:0.5110,full moon:0.7660,lunar:0.9800,moon:0.9800,nature:0.9800,satellite:0.6090",,,,,,,,,,,,2010-01-12 23:43:52,2010,1,2,23,479691832.0,http://www.flickr.com/photos/39645738@N03/4270019879/,644,1,4.45374083206e-05,POINT (175.266609 -40.523651),15951.9834484,23714.7842292,97.7063560068,22038.6920276
/Users/damoncrockett/Desktop/astrophotography_data/images/5185486534_79391895e8.jpg,5185486534,39645738@N03,2010-11-18 09:18:17.0,,175.266609,-40.523651,"abstract:0.8930,black background:0.9800,black:0.9800,blackandwhite:1.0000,blue:0.5780,circle:0.9040,curve:0.9170,full moon:0.8840,lunar:1.0000,macro:0.6460,minimalism:0.6350,monochrome:0.9960,moon:1.0000,nature:1.0000,pattern:0.6310,radiogram:0.5070,round:0.9040,satellite:0.6370,sun:0.7060,surreal:0.5700,texture:0.9080",,,,,,,,,,,,2010-11-18 09:18:17,2010,11,4,9,506423897.0,http://www.flickr.com/photos/39645738@N03/5185486534/,658,4,4.45374083206e-05,POINT (175.266609 -40.523651),15951.9834484,23714.7842292,97.7063560068,22038.6920276
/Users/damoncrockett/Desktop/astrophotography_data/images/3764626031_f614e08806.jpg,3764626031,39645738@N03,2009-07-28 22:00:41.0,,175.266609,-40.523651,"animal:0.6550,ball:0.5760,black background:0.9340,black:0.9340,clam:0.7800,food:0.7800,full moon:0.6350,indoor:0.5300,lunar:0.9700,moon:0.9700,nature:0.9700,onion:0.5530,scallop:0.6550,vegetable:0.5530,white:0.5820",,,,,,,,,,,,2009-07-28 22:00:41,2009,7,2,22,465170441.0,http://www.flickr.com/photos/39645738@N03/3764626031/,"5,300",4,4.45374083206e-05,POINT (175.266609 -40.523651),15951.9834484,23714.7842292,97.7063560068,22038.6920276
/Users/damoncrockett/Desktop/astrophotography_data/images/5109722521_c1e0afe775.jpg,5109722521,39645738@N03,2010-10-24 23:05:38.0,,175.266609,-40.523651,"ball:0.5090,black background:0.9460,black:0.9460,full moon:0.7590,indoor:0.5440,lunar:0.9850,moon:0.9850,nature:0.9850,round:0.5330,sun:0.7340",,,,,,,,,,,,2010-10-24 23:05:38,2010,10,7,23,504313538.0,http://www.flickr.com/photos/39645738@N03/5109722521/,481,1,4.45374083206e-05,POINT (175.266609 -40.523651),15951.9834484,23714.7842292,97.7063560068,22038.6920276
/Users/damoncrockett/Desktop/astrophotography_data/images/3757787714_13f8838f29.jpg,3757787714,39645738@N03,2009-07-26 22:16:20.0,,175.266609,-40.523651,"abstract:0.5290,black background:0.9360,black:0.9360,blackandwhite:1.0000,circle:0.8710,curve:0.8810,full moon:0.7480,lunar:0.9800,macro:0.5140,monochrome:0.9960,moon:0.9800,nature:0.9800,round:0.8710,satellite:0.6190,sun:0.5230",,,,,,,,,,,,2009-07-26 22:16:20,2009,7,7,22,464998580.0,http://www.flickr.com/photos/39645738@N03/3757787714/,376,2,4.45374083206e-05,POINT (175.266609 -40.523651),15951.9834484,23714.7842292,97.7063560068,22038.6920276
/Users/damoncrockett/Desktop/astrophotography_data/images/5109722459_bb303cfc16.jpg,5109722459,39645738@N03,2010-10-24 23:07:13.0,,175.266609,-40.523651,"abstract:0.5240,ball:0.6200,black background:0.9590,black:0.9590,clam:0.5750,food:0.5750,full moon:0.7670,indoor:0.5070,light:0.5510,lunar:0.9890,minimalism:0.5340,moon:0.9890,nature:0.9890,pastel:0.5560,round:0.7350,sun:0.5700,texture:0.6940,white:0.5600",,,,,,,,,,,,2010-10-24 23:07:13,2010,10,7,23,504313633.0,http://www.flickr.com/photos/39645738@N03/5109722459/,710,1,4.45374083206e-05,POINT (175.266609 -40.523651),15951.9834484,23714.7842292,97.7063560068,22038.6920276
/Users/damoncrockett/Desktop/astrophotography_data/images/4015471096_b6a079f8a0.jpg,4015471096,39645738@N03,2009-10-16 11:35:36.0,,175.266609,-40.523651,"ball:0.5220,black background:0.7690,black:0.7690,full moon:0.6760,indoor:0.5700,lunar:0.8960,moon:0.8960,nature:0.8960,vessel:0.5720",,,,,,,,,,,,2009-10-16 11:35:36,2009,10,5,11,472044936.0,http://www.flickr.com/photos/39645738@N03/4015471096/,923,3,4.45374083206e-05,POINT (175.266609 -40.523651),15951.9834484,23714.7842292,97.7063560068,22038.6920276
/Users/damoncrockett/Desktop/astrophotography_data/images/5714941870_9feec215f8.jpg,5714941870,39645738@N03,2011-05-12 06:39:47.0,Canon+EOS+Kiss+X3,175.263583,-40.523443,"black:0.5750,cloud:0.7410,dusk:0.8670,full moon:0.7110,lunar:0.7430,moon:0.7430,nature:0.7430,outdoor:0.9660,sky:0.9510,skyline:0.5550",800,0.8,5.6,50.0,7.0,2009.0,dslr,cmos,332.27,15.0,CANON,2011-05-12 06:39:47,2011,5,4,6,521534387.0,http://www.flickr.com/photos/39645738@N03/5714941870/,"20,589",19,4.45390859083e-05,POINT (175.263583 -40.523443),15951.7959687,23714.5368384,97.6290512403,22038.4088326
/Users/damoncrockett/Desktop/astrophotography_data/images/3748985240_9cfe4c5fcb.jpg,3748985240,39645738@N03,2009-07-23 02:30:45.0,,175.266609,-40.523651,"abstract:0.5370,ball:0.8790,black background:0.9670,black:0.9670,circle:0.5850,full moon:0.8130,indoor:0.5680,lunar:0.9940,macro:0.5540,moon:0.9940,nature:0.9940,round:0.7420,sun:0.7200,texture:0.6630,white:0.5390",,,,,,,,,,,,2009-07-23 02:30:45,2009,7,4,2,464668245.0,http://www.flickr.com/photos/39645738@N03/3748985240/,"1,235",3,4.45374083206e-05,POINT (175.266609 -40.523651),15951.9834484,23714.7842292,97.7063560068,22038.6920276
/Users/damoncrockett/Desktop/astrophotography_data/images/4261122373_f2d00c40ee.jpg,4261122373,39645738@N03,2010-01-10 19:12:35.0,,175.266609,-40.523651,"abstract:0.9080,black background:0.9670,black:0.9670,blue:0.6760,circle:0.9100,curve:0.8720,full moon:0.8930,lunar:1.0000,macro:0.8580,monochrome:0.9010,moon:1.0000,nature:1.0000,outdoor:0.8730,round:0.9100,satellite:0.8940,sun:0.6820,texture:0.5590",,,,,,,,,,,,2010-01-10 19:12:35,2010,1,7,19,479502755.0,http://www.flickr.com/photos/39645738@N03/4261122373/,"1,009",2,4.45374083206e-05,POINT (175.266609 -40.523651),15951.9834484,23714.7842292,97.7063560068,22038.6920276
/Users/damoncrockett/Desktop/astrophotography_data/images/4260129277_6e4dd32947.jpg,4260129277,39645738@N03,2010-01-10 12:16:39.0,,175.266609,-40.523651,"abstract:0.8650,alcohol:0.5990,art:0.5730,autumn:0.5280,beverage:0.5990,black background:0.8160,black:0.8160,bokeh:0.6670,bright:0.5840,curve:0.5210,depth of field:0.8530,foliage:0.5280,food:0.5990,lunar:0.8140,macro:0.5380,minimalism:0.6710,moon:0.8140,nature:0.8140,organic pattern:0.7370,outdoor:0.7340,pastel:0.5430,pattern:0.7370,plant:0.5280,quirky:0.6560,rain:0.8590,rainbow:0.6010,text:0.8880,texture:0.9100,underwater:0.6830,urban decay:0.6420,water:0.6830,wine:0.5990,writing:0.6740",,,,,,,,,,,,2010-01-10 12:16:39,2010,1,7,12,479477799.0,http://www.flickr.com/photos/39645738@N03/4260129277/,"2,094",3,4.45374083206e-05,POINT (175.266609 -40.523651),15951.9834484,23714.7842292,97.7063560068,22038.6920276
/Users/damoncrockett/Desktop/astrophotography_data/images/3802096166_c0842fc0b6.jpg,3802096166,39645738@N03,2009-08-08 17:26:42.0,,175.266609,-40.523651,"black background:0.7940,black:0.7940,blackandwhite:1.0000,curve:0.6060,monochrome:0.9960,nissen hut:0.6450,shelter:0.6450",,,,,,,,,,,,2009-08-08 17:26:42,2009,8,6,17,466104402.0,http://www.flickr.com/photos/39645738@N03/3802096166/,364,0,4.45374083206e-05,POINT (175.266609 -40.523651),15951.9834484,23714.7842292,97.7063560068,22038.6920276
/Users/damoncrockett/Desktop/astrophotography_data/images/3786853729_80f5e53816.jpg,3786853729,39645738@N03,2009-08-04 14:51:26.0,,175.266609,-40.523651,"black background:0.5360,black:0.5360,blackandwhite:0.9230,curve:0.5970,lunar:0.5140,moon:0.5140,nature:0.5140,outdoor:0.6590,satellite:0.5030",,,,,,,,,,,,2009-08-04 14:51:26,2009,8,2,14,465749486.0,http://www.flickr.com/photos/39645738@N03/3786853729/,513,1,4.45374083206e-05,POINT (175.266609 -40.523651),15951.9834484,23714.7842292,97.7063560068,22038.6920276
/Users/damoncrockett/Desktop/astrophotography_data/images/5127308743_4910700b64.jpg,5127308743,39645738@N03,2010-10-30 18:02:55.0,,175.266609,-40.523651,"black background:0.8940,black:0.8940,full moon:0.5930,indoor:0.5650,light:0.5510,lunar:0.8710,moon:0.8710,nature:0.8710",,,,,,,,,,,,2010-10-30 18:02:55,2010,10,6,18,504813775.0,http://www.flickr.com/photos/39645738@N03/5127308743/,"1,375",7,4.45374083206e-05,POINT (175.266609 -40.523651),15951.9834484,23714.7842292,97.7063560068,22038.6920276
/Users/damoncrockett/Desktop/astrophotography_data/images/3659083599_4501b506cd.jpg,3659083599,39645738@N03,2009-06-08 20:52:34.0,Canon+PowerShot+S5+IS,175.266609,-40.523651,"fog:0.7790,full moon:0.7800,lunar:0.7800,moon:0.7800,nature:0.7800,outdoor:0.7760,storm:0.7180,sun:0.6710",100,15,4,6.0,8.0,2007.0,c,ccd,24.745152,8.0,CANON,2009-06-08 20:52:34,2009,6,1,20,460846354.0,http://www.flickr.com/photos/39645738@N03/3659083599/,951,3,4.45374083206e-05,POINT (175.266609 -40.523651),15951.9834484,23714.7842292,97.7063560068,22038.6920276
/Users/damoncrockett/Desktop/astrophotography_data/images/5714236171_5b8858c0d2.jpg,5714236171,39645738@N03,2010-03-17 23:10:37.0,Canon+PowerShot+S5+IS,175.263605,-40.523374,"abstract:0.7660,black background:0.9190,black:0.9240,lunar:0.6250,minimalism:0.6010,monochrome:0.9810,moon:0.5420,nature:0.6250,night:0.6260,rain:0.5220,texture:0.7710",800,15,8,23.2,8.0,2007.0,c,ccd,24.745152,8.0,CANON,2010-03-17 23:10:37,2010,3,3,23,485219437.0,http://www.flickr.com/photos/39645738@N03/5714236171/,619,2,4.45390265989e-05,POINT (175.263605 -40.523374),15951.7924923,23714.5357058,97.6367962523,22038.410597
/Users/damoncrockett/Desktop/astrophotography_data/images/4131975178_7e37b5b32e.jpg,4131975178,39645738@N03,2009-11-25 13:02:34.0,,175.266609,-40.523651,"abstract:0.7550,black background:0.9450,black:0.9450,blackandwhite:1.0000,blue:0.5390,circle:0.8640,curve:0.9320,full moon:0.8960,lunar:1.0000,macro:0.8490,monochrome:0.9960,moon:1.0000,nature:1.0000,outdoor:0.8240,radiogram:0.5720,round:0.8640,satellite:0.9030,sun:0.6860",,,,,,,,,,,,2009-11-25 13:02:34,2009,11,3,13,475506154.0,http://www.flickr.com/photos/39645738@N03/4131975178/,"2,011",7,4.45374083206e-05,POINT (175.266609 -40.523651),15951.9834484,23714.7842292,97.7063560068,22038.6920276
/Users/damoncrockett/Desktop/astrophotography_data/images/4132014413_ce7fb0d294.jpg,4132014413,39645738@N03,2009-11-25 19:02:07.0,,175.266609,-40.523651,"blackandwhite:1.0000,gray:0.5800,lunar:0.9790,monochrome:0.9960,moon:0.9790,nature:0.9790,outdoor:0.9270,photomicrograph:0.6870,snow:0.5100,sport:0.5580,text:0.5250,track:0.5580",,,,,,,,,,,,2009-11-25 19:02:07,2009,11,3,19,475527727.0,http://www.flickr.com/photos/39645738@N03/4132014413/,"1,106",1,4.45374083206e-05,POINT (175.266609 -40.523651),15951.9834484,23714.7842292,97.7063560068,22038.6920276
/Users/damoncrockett/Desktop/astrophotography_data/images/3736617578_fbd7755d49.jpg,3736617578,39645738@N03,2009-07-20 11:21:55.0,,175.266609,-40.523651,"black background:0.6640,black:0.6640,full moon:0.7340,indoor:0.6790,light:0.5870,lunar:0.7570,moon:0.7570,nature:0.7570,recording disc:0.5460,screenshot:0.6360,text:0.6360",,,,,,,,,,,,2009-07-20 11:21:55,2009,7,1,11,464440915.0,http://www.flickr.com/photos/39645738@N03/3736617578/,"1,212",2,4.45374083206e-05,POINT (175.266609 -40.523651),15951.9834484,23714.7842292,97.7063560068,22038.6920276
/Users/damoncrockett/Desktop/astrophotography_data/images/6880227804_0cba0bb812.jpg,6880227804,39645738@N03,2012-03-29 23:15:24.0,,175.263111,-40.523243,"abstract:0.9200,animal:0.6830,art:0.5490,black background:0.5190,black:0.5190,ceiling:0.6490,coil:0.8990,curve:0.8260,diagonal:0.5840,elephant:0.6830,forest:0.7130,fractal:0.7980,geometric:0.8420,landscape:0.7130,light painting:0.5490,minimalism:0.6040,nature:0.7130,neon light:0.6010,organic pattern:0.8420,passageway:0.8760,path:0.5390,pattern:0.9840,symmetry:0.8450,texture:0.9650,urban decay:0.7960,vault:0.9130,web:0.5050,wood:0.5940",,,,,,,,,,,,2012-03-29 23:15:24,2012,3,4,23,549414924.0,http://www.flickr.com/photos/39645738@N03/6880227804/,"1,363",7,4.45392354958e-05,POINT (175.263111 -40.523243),15951.7552256,23714.4912847,97.6341240591,22038.3639596
/Users/damoncrockett/Desktop/astrophotography_data/images/4151500835_82d3930553.jpg,4151500835,39645738@N03,2009-12-02 12:14:08.0,Canon+PowerShot+S5+IS,175.266609,-40.523651,"camera:0.7720,electronics:0.7720",200,1%2F60,3.2,9.9,8.0,2007.0,c,ccd,24.745152,8.0,CANON,2009-12-02 12:14:08,2009,12,3,12,476108048.0,http://www.flickr.com/photos/39645738@N03/4151500835/,"6,776",11,4.45374083206e-05,POINT (175.266609 -40.523651),15951.9834484,23714.7842292,97.7063560068,22038.6920276
/Users/damoncrockett/Desktop/astrophotography_data/images/3721536841_16a37d9d27.jpg,3721536841,39645738@N03,2009-07-15 16:54:49.0,,175.266609,-40.523651,"indoor:0.7250,light:0.5140",,,,,,,,,,,,2009-07-15 16:54:49,2009,7,3,16,464028889.0,http://www.flickr.com/photos/39645738@N03/3721536841/,571,1,4.45374083206e-05,POINT (175.266609 -40.523651),15951.9834484,23714.7842292,97.7063560068,22038.6920276
/Users/damoncrockett/Desktop/astrophotography_data/images/3968377034_6eb548d505.jpg,3968377034,39645738@N03,2009-09-29 22:44:03.0,,175.266609,-40.523651,"blackandwhite:1.0000,blur:0.5820,bubble:0.6780,lunar:0.9790,monochrome:0.9960,moon:0.9790,nature:0.9790,photomicrograph:0.7970,sport:0.6120,track:0.6120",,,,,,,,,,,,2009-09-29 22:44:03,2009,9,2,22,470616243.0,http://www.flickr.com/photos/39645738@N03/3968377034/,642,0,4.45374083206e-05,POINT (175.266609 -40.523651),15951.9834484,23714.7842292,97.7063560068,22038.6920276
/Users/damoncrockett/Desktop/astrophotography_data/images/5184883515_3e09983638.jpg,5184883515,39645738@N03,2010-11-18 09:17:48.0,,175.266609,-40.523651,"abstract:0.5560,blackandwhite:1.0000,dewdrop:0.5450,lunar:0.9960,monochrome:0.9960,moon:0.9960,nature:0.9960,outdoor:0.9210,photomicrograph:0.8490,rain:0.7640,sport:0.6560,texture:0.6770,track:0.6560",,,,,,,,,,,,2010-11-18 09:17:48,2010,11,4,9,506423868.0,http://www.flickr.com/photos/39645738@N03/5184883515/,733,6,4.45374083206e-05,POINT (175.266609 -40.523651),15951.9834484,23714.7842292,97.7063560068,22038.6920276
/Users/damoncrockett/Desktop/astrophotography_data/images/5163185762_d60e02e405.jpg,5163185762,39645738@N03,2010-11-10 15:37:32.0,,175.266609,-40.523651,"ball:0.6530,black background:0.8340,black:0.8340,full moon:0.8410,indoor:0.5640,light:0.7630,lunar:0.9930,moon:0.9930,nature:0.9930,sun:0.7160",,,,,,,,,,,,2010-11-10 15:37:32,2010,11,3,15,505755452.0,http://www.flickr.com/photos/39645738@N03/5163185762/,"1,406",4,4.45374083206e-05,POINT (175.266609 -40.523651),15951.9834484,23714.7842292,97.7063560068,22038.6920276
/Users/damoncrockett/Desktop/astrophotography_data/images/4952131122_d3664023e1.jpg,4952131122,39645738@N03,2010-09-01 00:13:28.0,Canon+EOS+Kiss+X3,175.266609,-40.523651,,1600,120,5.6,18.0,7.0,2009.0,dslr,cmos,332.27,15.0,CANON,2010-09-01 00:13:28,2010,9,3,0,499652008.0,http://www.flickr.com/photos/39645738@N03/4952131122/,782,4,4.45374083206e-05,POINT (175.266609 -40.523651),15951.9834484,23714.7842292,97.7063560068,22038.6920276
/Users/damoncrockett/Desktop/astrophotography_data/images/2402592740_37ab7c0b3a.jpg,2402592740,22925444@N05,2008-04-10 15:06:58.0,,174.766602,-36.870025,"black background:0.8390,black:0.9070,full moon:0.6030,lunar:0.6030,monochrome:0.9960,moon:0.6030,nature:0.6030,night:0.5640,outdoor:0.9060",,,,,,,,,,,,2008-04-10 15:06:58,2008,4,4,15,424192018.0,http://www.flickr.com/photos/22925444@N05/2402592740/,355,0,3.54969971358e-05,POINT (174.766602 -36.870025),15675.3676845,23526.1827663,493.956379332,21980.4551725
/Users/damoncrockett/Desktop/astrophotography_data/images/2401760513_c7c89ba9b5.jpg,2401760513,22925444@N05,2008-04-10 15:06:00.0,,174.766602,-36.870025,"black background:0.8950,black:0.9220,full moon:0.5030,lunar:0.5030,monochrome:0.9800,moon:0.5030,nature:0.5030,night:0.5500",,,,,,,,,,,,2008-04-10 15:06:00,2008,4,4,15,424191960.0,http://www.flickr.com/photos/22925444@N05/2401760513/,"1,206",0,3.54969971358e-05,POINT (174.766602 -36.870025),15675.3676845,23526.1827663,493.956379332,21980.4551725
/Users/damoncrockett/Desktop/astrophotography_data/images/3779922157_34796fae71.jpg,3779922157,22018552@N08,2009-08-02 20:47:14.0,Canon+EOS+50D,173.87995,-39.191129,"abstract:0.7920,ancient:0.7270,ball:0.5990,black background:0.9740,black:0.9740,blackandwhite:0.9320,blue:0.6380,circle:0.9310,curve:0.7640,forest:0.7600,full moon:0.9860,landscape:0.7600,lunar:1.0000,macro:0.6880,moon:1.0000,nature:1.0000,outdoor:0.6680,pattern:0.6790,round:0.9460,sun:0.6920,texture:0.8670",100,1%2F60,5.6,400.0,29.0,2008.0,dslr,cmos,332.27,15.0,CANON,2009-08-02 20:47:14,2009,8,7,20,465598034.0,http://www.flickr.com/photos/22018552@N08/3779922157/,"23,654",6,4.34782599895e-05,POINT (173.87995 -39.191129),15781.2472121,23550.1673089,249.700078065,21904.21305
/Users/damoncrockett/Desktop/astrophotography_data/images/12019407863_310ebc58c1.jpg,12019407863,22018552@N08,2014-01-18 22:59:27.0,Canon+EOS+6D,173.878962,-39.190054,"aurora:0.6550,cloud:0.6610,field:0.7470,fog:0.6720,grass:0.7420,grassland:0.5300,landscape:0.7470,meadow:0.7060,minimalism:0.6200,nature:0.7470,neon light:0.5840,outdoor:0.9860,plant:0.7420,rainbow:0.5400,sea:0.6580,serene:0.7120,sky:0.9450,storm:0.5750,sunset:0.5070,windmill:0.5970",100,2584,8,24.0,85.0,2012.0,dslr,cmos,864.0,20.0,CANON,2014-01-18 22:59:27,2014,1,6,22,606437967.0,http://www.flickr.com/photos/22018552@N08/12019407863/,"18,594",5,4.34765542101e-05,POINT (173.878962 -39.190054),15781.1170434,23550.0449785,249.83875139,21904.1171307
/Users/damoncrockett/Desktop/astrophotography_data/images/8866076262_ec989052c0.jpg,8866076262,22018552@N08,2013-05-28 23:10:35.0,Canon+EOS+50D,173.8801,-39.191087,"abstract:0.6190,animal:0.7100,black background:0.9720,black:0.9720,blackandwhite:0.9320,circle:0.9520,curve:0.5320,full moon:0.9930,jellyfish:0.7100,lunar:1.0000,minimalism:0.7390,moon:1.0000,nature:1.0000,outdoor:0.8460,pattern:0.5270,photomicrograph:0.5510,round:0.9520,sun:0.5790,texture:0.7260",100,0.01,7.1,370.0,29.0,2008.0,dslr,cmos,332.27,15.0,CANON,2013-05-28 23:10:35,2013,5,2,23,586134635.0,http://www.flickr.com/photos/22018552@N08/8866076262/,"3,128",4,4.34780916749e-05,POINT (173.8801 -39.191087),15781.2529502,23550.1774332,249.700588233,21904.2269029
/Users/damoncrockett/Desktop/astrophotography_data/images/9114265801_7279c8ccf1.jpg,9114265801,22018552@N08,2013-06-23 20:21:04.0,Canon+EOS+50D,173.880014,-39.191087,"black background:0.9480,black:0.9480,blackandwhite:0.9800,circle:0.7520,full moon:0.9710,lunar:1.0000,macro:0.5660,minimalism:0.6830,monochrome:0.9500,moon:1.0000,nature:1.0000,round:0.7520,satellite:0.5750",100,1%2F800,7.1,400.0,29.0,2008.0,dslr,cmos,332.27,15.0,CANON,2013-06-23 20:21:04,2013,6,7,20,588370864.0,http://www.flickr.com/photos/22018552@N08/9114265801/,"4,181",4,4.34781380462e-05,POINT (173.880014 -39.191087),15781.2480147,23550.1706373,249.702825951,21904.2188773
/Users/damoncrockett/Desktop/astrophotography_data/images/12772958453_3766b2592e.jpg,12772958453,22018552@N08,2014-02-26 03:08:51.0,Canon+EOS+6D,173.878962,-39.190054,"abstract:0.6930,art:0.8060,aurora:0.8150,black background:0.9420,black:0.9420,dusk:0.6860,ethereal:0.5890,fireworks:0.5250,fog:0.7240,full moon:0.6190,light painting:0.8060,lunar:0.7240,minimalism:0.7090,moon:0.7240,nature:0.8150,neon light:0.8200,night:0.8970,outdoor:0.7450,sea:0.5120,serene:0.8420,sun:0.6720,sunlight:0.6090,sunrise:0.5260,sunset:0.6810,surreal:0.6880,texture:0.5620",200,3104,8,24.0,85.0,2012.0,dslr,cmos,864.0,20.0,CANON,2014-02-26 03:08:51,2014,2,3,3,609736131.0,http://www.flickr.com/photos/22018552@N08/12772958453/,"16,276",11,4.34765542101e-05,POINT (173.878962 -39.190054),15781.1170434,23550.0449785,249.83875139,21904.1171307
/Users/damoncrockett/Desktop/astrophotography_data/images/9604444759_1fa4128ec2.jpg,9604444759,22018552@N08,2013-08-27 22:58:02.0,Canon+EOS+6D,173.880014,-39.191087,"abstract:0.9290,black background:0.5980,black:0.5980,bonfire:0.6920,ethereal:0.6660,fire:0.6920,fireworks:0.5690,lunar:0.6540,moon:0.6540,nature:0.6540,outdoor:0.8030,pattern:0.6040,quirky:0.5870,rain:0.7780,sun:0.5220,surreal:0.6510,texture:0.9710,underwater:0.6040,water:0.7330",6400,20,4,24.0,85.0,2012.0,dslr,cmos,864.0,20.0,CANON,2013-08-27 22:58:02,2013,8,2,22,593996282.0,http://www.flickr.com/photos/22018552@N08/9604444759/,"13,065",12,4.34781380462e-05,POINT (173.880014 -39.191087),15781.2480147,23550.1706373,249.702825951,21904.2188773
/Users/damoncrockett/Desktop/astrophotography_data/images/5603130052_35a2724301.jpg,5603130052,17751217@N00,2010-12-24 21:20:13.0,Canon+EOS+7D,170.845153,-45.362701,"abstract:0.6000,aurora:0.9140,black background:0.6810,black:0.6810,blue:0.9190,bright:0.5400,cloud:0.9440,dusk:0.7660,field:0.5690,foothill:0.6340,full moon:0.6110,hdr:0.6750,hill:0.6340,landscape:0.6340,lunar:0.8240,minimalism:0.7380,moon:0.8240,mountain:0.5720,nature:0.9140,neon light:0.5160,night:0.8540,outdoor:0.9620,photo border:0.6650,sea:0.6010,serene:0.8780,sky:0.9670,skyline:0.7020,storm:0.6960,sunlight:0.5600,sunset:0.7490,texture:0.7720,water:0.5080,windmill:0.5470",1600,30,3.5,10.0,93.0,2009.0,dslr,cmos,332.27,18.0,CANON,2010-12-24 21:20:13,2010,12,5,21,509577613.0,http://www.flickr.com/photos/17751217@N00/5603130052/,"14,265",27,3.35041320426e-05,POINT (170.845153 -45.362701),16042.9973539,23575.7179704,554.944698273,21653.3762454
/Users/damoncrockett/Desktop/astrophotography_data/images/6180444641_02bd6c91f1.jpg,6180444641,17751217@N00,2010-12-29 20:02:09.0,Canon+EOS+7D,176.244995,-38.141799,"art:0.5700,aurora:0.8030,black background:0.6930,black:0.6930,blue:0.9300,bright:0.6380,cloud:0.9680,dusk:0.8430,fireworks:0.5720,landscape:0.5210,light painting:0.5700,lunar:0.7020,moon:0.7020,mountain:0.5210,nature:0.8030,neon light:0.6920,night:0.8630,outdoor:0.9640,photo border:0.6860,plant:0.5500,rainbow:0.6380,serene:0.8270,sky:0.9810,skyline:0.7110,storm:0.6840,sun:0.9250,sunlight:0.8360,sunrise:0.8240,sunset:0.9030,tree:0.5500",1600,14,3.5,10.0,93.0,2009.0,dslr,cmos,332.27,18.0,CANON,2010-12-29 20:02:09,2010,12,3,20,510004929.0,http://www.flickr.com/photos/17751217@N00/6180444641/,"6,642",14,3.89003818961e-05,POINT (176.244995 -38.141799),15846.4995044,23694.5630124,373.119215563,22121.63329
