user_nid,lat,lon
97839409@N00,33.561205,-82.763989
97839409@N00,33.561208,-82.764017
97839409@N00,33.5612,-82.764031
97839409@N00,33.561222,-82.764042
97839409@N00,33.561205,-82.764056
97839409@N00,33.561152,-82.763995
97839409@N00,33.561158,-82.763989
97839409@N00,33.561158,-82.763989
97839409@N00,33.561236,-82.764037
97839409@N00,33.561197,-82.763975
97839409@N00,33.56118,-82.764031
97839409@N00,33.561152,-82.763953
97839409@N00,33.561163,-82.763978
97839409@N00,33.560994,-82.763807
97839409@N00,33.561191,-82.763995
97839409@N00,33.561191,-82.763992
97839409@N00,33.561194,-82.763989
97839409@N00,33.561163,-82.763984
97839409@N00,33.561161,-82.763981
97839409@N00,33.561191,-82.763989
97839409@N00,33.561194,-82.763992
97839409@N00,33.561169,-82.763967
97839409@N00,33.561194,-82.763992
97839409@N00,33.561177,-82.763973
97839409@N00,33.561177,-82.763981
97839409@N00,33.561194,-82.763992
97839409@N00,33.561161,-82.763984
97839409@N00,33.561161,-82.763987
97839409@N00,33.561158,-82.763987
97839409@N00,33.561158,-82.763998
97839409@N00,33.561205,-82.764006
97839409@N00,33.561211,-82.764006
97839409@N00,33.56118,-82.764017
97839409@N00,33.561161,-82.764006
97839409@N00,33.561202,-82.764028
97839409@N00,33.561191,-82.76402
97839409@N00,33.561163,-82.764009
97839409@N00,33.561188,-82.764037
97839409@N00,33.561163,-82.763981
97839409@N00,33.561183,-82.764039
97839409@N00,33.561172,-82.764031
97839409@N00,33.561177,-82.764012
97839409@N00,33.5612,-82.76402
97839409@N00,33.561155,-82.764045
97839409@N00,33.561169,-82.764039
97839409@N00,33.561186,-82.764037
97839409@N00,33.561188,-82.764037
97839409@N00,33.561205,-82.764078
97839409@N00,33.561205,-82.764012
97839409@N00,33.561202,-82.764006
97839409@N00,33.561194,-82.763998
97839409@N00,33.561161,-82.764009
97839409@N00,33.561163,-82.764006
97839409@N00,33.561163,-82.764006
97839409@N00,33.561158,-82.763998
97839409@N00,33.561169,-82.764017
97839409@N00,34.020847,-84.590762
97839409@N00,33.561163,-82.764009
97839409@N00,34.027147,-84.590328
97839409@N00,33.561194,-82.764023
97839409@N00,33.561183,-82.764003
97839409@N00,33.561197,-82.764006
97839409@N00,34.027447,-84.590309
97839409@N00,33.561197,-82.763998
97839409@N00,33.561188,-82.764014
97839409@N00,33.561194,-82.764028
97839409@N00,33.561202,-82.764028
97839409@N00,34.027227,-84.590445
97839409@N00,34.027238,-84.590378
97839409@N00,34.610388,-84.634289
97839409@N00,34.027383,-84.589887
97839409@N00,33.948302,-84.69957
97839409@N00,34.027355,-84.590631
97839409@N00,33.560851,-82.763485
97839409@N00,34.027274,-84.590459
97839409@N00,34.027272,-84.590445
97839409@N00,33.561166,-82.764014
97839409@N00,34.027269,-84.590423
97839409@N00,33.561186,-82.763962
97839409@N00,34.027388,-84.590439
97839409@N00,34.027386,-84.590445
97839409@N00,34.020819,-84.590764
97839409@N00,34.020819,-84.590764
97839409@N00,34.027347,-84.590362
97839409@N00,34.027361,-84.590356
97839409@N00,33.561163,-82.763939
97839409@N00,33.561197,-82.763981
97839409@N00,34.027486,-84.590456
97839409@N00,33.56118,-82.764006
97839409@N00,33.947738,-84.701378
97839409@N00,35.203333,-84.323992
97839409@N00,35.203327,-84.323978
97839409@N00,34.027138,-84.590306
97839409@N00,33.561183,-82.76402
97839409@N00,35.203325,-84.323981
97839409@N00,35.203325,-84.323981
97839409@N00,35.20333,-84.323981
97839409@N00,33.561197,-82.763978
97839409@N00,35.203325,-84.323978
97839409@N00,33.561205,-82.764042
97839409@N00,35.20333,-84.323981
97839409@N00,33.561186,-82.76405
97839409@N00,34.027263,-84.590128
97839409@N00,34.027288,-84.59012
97839409@N00,34.027302,-84.590142
97839409@N00,33.561194,-82.763998
97839409@N00,33.561166,-82.763987
97839409@N00,33.561194,-82.763995
97839409@N00,33.561194,-82.763995
97839409@N00,33.561161,-82.763995
97839409@N00,33.561158,-82.763992
97839409@N00,33.561194,-82.763995
97839409@N00,33.561194,-82.763989
97839409@N00,33.561158,-82.763984
97839409@N00,33.561177,-82.763981
97839409@N00,33.561194,-82.763989
97839409@N00,33.561194,-82.763989
97839409@N00,33.561161,-82.763981
97839409@N00,33.561188,-82.763987
97839409@N00,33.561163,-82.763981
97839409@N00,33.561136,-82.764023
97839409@N00,33.561166,-82.763989
97839409@N00,33.561169,-82.763989
97839409@N00,34.753305,-84.186223
97839409@N00,34.753305,-84.186223
97839409@N00,34.753311,-84.186228
97839409@N00,34.753302,-84.186237
97839409@N00,34.543,-84.518489
97839409@N00,34.753302,-84.186237
97839409@N00,34.753311,-84.186223
97839409@N00,34.753302,-84.186237
97839409@N00,33.561163,-82.763987
97839409@N00,34.753302,-84.186237
97839409@N00,34.543002,-84.518489
97839409@N00,33.561183,-82.76405
97839409@N00,33.561186,-82.76405
97839409@N00,33.561236,-82.763987
97839409@N00,33.561202,-82.763981
97839409@N00,33.56118,-82.764048
97839409@N00,33.561211,-82.763984
9157091@N04,46.408392,8.067054
9157091@N04,46.408392,8.067054
9157091@N04,46.408392,8.067054
9157091@N04,46.023101,7.481474
9157091@N04,46.408392,8.067054
9157091@N04,46.408392,8.067054
9157091@N04,46.408392,8.067054
9157091@N04,46.408392,8.067054
9157091@N04,46.408392,8.067054
9157091@N04,46.408392,8.067054
9157091@N04,46.408392,8.067054
9157091@N04,47.112461,6.852892
9157091@N04,46.408392,8.067054
9157091@N04,46.408392,8.067054
9157091@N04,46.408392,8.067054
9157091@N04,46.408392,8.067054
9157091@N04,46.408392,8.067054
9157091@N04,47.010986,6.629862
9157091@N04,46.392647,8.02946
9157091@N04,47.010986,6.629862
9157091@N04,46.392647,8.02946
9157091@N04,46.023101,7.481474
9157091@N04,46.023101,7.481474
9157091@N04,46.023101,7.481474
9157091@N04,46.937898,6.724147
9157091@N04,46.408392,8.067054
9157091@N04,46.408392,8.067054
9157091@N04,47.137366,7.064552
9157091@N04,46.408392,8.067054
9157091@N04,46.408392,8.067054
9157091@N04,46.408392,8.067054
9157091@N04,46.392647,8.02946
9157091@N04,46.408392,8.067054
9157091@N04,46.401527,8.054866
9157091@N04,46.408392,8.067054
9157091@N04,46.023101,7.481474
9157091@N04,46.023101,7.481474
9157091@N04,46.936491,6.719169
9157091@N04,46.936491,6.719169
9157091@N04,46.936491,6.719169
9157091@N04,46.936491,6.719169
9157091@N04,46.936491,6.719169
9157091@N04,46.936491,6.719169
9157091@N04,46.936491,6.719169
9157091@N04,46.02623,7.476282
9157091@N04,46.392647,8.02946
9157091@N04,46.966079,6.575531
9157091@N04,46.966079,6.575531
9157091@N04,46.936491,6.719169
9157091@N04,47.054598,6.856884
9157091@N04,47.054598,6.856884
9157091@N04,47.108829,6.845383
9157091@N04,46.02623,7.476282
9157091@N04,46.02623,7.476282
9157091@N04,47.054598,6.856884
9157091@N04,47.059218,6.856155
9157091@N04,47.059218,6.856155
9157091@N04,47.054598,6.856884
9157091@N04,47.054598,6.856884
9157091@N04,47.059218,6.856155
9157091@N04,46.966079,6.575531
9157091@N04,47.104601,6.80088
9157091@N04,46.966079,6.575531
9157091@N04,47.104601,6.80088
9157091@N04,47.104601,6.80088
9157091@N04,47.010986,6.629862
9157091@N04,46.966079,6.575531
9157091@N04,46.966079,6.575531
9157091@N04,47.109373,6.849433
9157091@N04,47.055972,6.850522
9157091@N04,47.055972,6.850522
9157091@N04,47.055972,6.850522
9157091@N04,47.055972,6.850522
9157091@N04,47.055972,6.850522
9157091@N04,47.055972,6.850522
9157091@N04,47.111757,6.854395
9157091@N04,46.966079,6.575531
9157091@N04,46.392647,8.02946
9157091@N04,46.966079,6.575531
9157091@N04,46.996997,6.640033
9157091@N04,46.996997,6.640033
9157091@N04,46.996997,6.640033
9157091@N04,47.065327,6.840534
9157091@N04,47.065327,6.840534
9157091@N04,47.110443,6.851627
9157091@N04,47.110443,6.851627
9157091@N04,46.342661,7.385215
9157091@N04,46.914246,6.521844
9157091@N04,46.914246,6.521844
9157091@N04,47.065327,6.840534
9157091@N04,46.914246,6.521844
9157091@N04,46.996997,6.640033
9157091@N04,46.914246,6.521844
9157091@N04,46.971936,6.586647
9157091@N04,46.971936,6.586647
9157091@N04,46.996997,6.640033
9157091@N04,46.971936,6.586647
9157091@N04,46.914246,6.521844
9157091@N04,46.914246,6.521844
9157091@N04,46.006038,7.779521
9157091@N04,46.006038,7.779521
9157091@N04,46.006038,7.779521
9157091@N04,46.006038,7.779521
9157091@N04,46.006038,7.779521
9157091@N04,46.006038,7.779521
9157091@N04,47.053531,6.852464
9157091@N04,47.053531,6.852464
9157091@N04,47.109852,6.849825
9157091@N04,46.917148,6.523132
9157091@N04,46.968766,6.584951
9157091@N04,46.968766,6.584951
9157091@N04,46.968766,6.584951
9157091@N04,46.968766,6.584951
9157091@N04,46.968766,6.584951
9157091@N04,46.968766,6.584951
9157091@N04,46.968766,6.584951
9157091@N04,46.968766,6.584951
9157091@N04,46.968766,6.584951
9157091@N04,46.968766,6.584951
9157091@N04,46.968766,6.584951
9157091@N04,46.968766,6.584951
9157091@N04,46.968766,6.584951
9157091@N04,46.968766,6.584951
9157091@N04,46.968766,6.584951
9157091@N04,47.109852,6.849825
9157091@N04,47.109852,6.849825
9157091@N04,47.055972,6.850522
9157091@N04,47.065327,6.840534
9157091@N04,47.065327,6.840534
9157091@N04,47.065327,6.840534
9157091@N04,46.968766,6.584951
9157091@N04,47.065327,6.840534
9157091@N04,46.968766,6.584951
9157091@N04,47.132067,7.053329
9157091@N04,47.132067,7.053329
9157091@N04,47.132067,7.053329
9157091@N04,46.290538,7.39279
9157091@N04,46.290538,7.39279
9157091@N04,46.290538,7.39279
9157091@N04,46.290538,7.39279
9157091@N04,46.342661,7.385215
9157091@N04,46.342661,7.385215
9157091@N04,46.342661,7.385215
9157091@N04,46.342661,7.385215
9157091@N04,46.342661,7.385215
9157091@N04,46.342661,7.385215
9157091@N04,46.342661,7.385215
9157091@N04,46.342661,7.385215
9157091@N04,46.342661,7.385215
9157091@N04,46.342661,7.385215
9157091@N04,46.342661,7.385215
9157091@N04,46.342661,7.385215
9157091@N04,46.392647,8.02946
9157091@N04,46.342661,7.385215
9157091@N04,46.342661,7.385215
9157091@N04,46.342661,7.385215
9157091@N04,46.342661,7.385215
9157091@N04,46.342661,7.385215
9157091@N04,46.342661,7.385215
9157091@N04,46.342661,7.385215
9157091@N04,46.342661,7.385215
9157091@N04,46.392647,8.02946
9157091@N04,47.131775,7.052514
9157091@N04,46.392647,8.02946
9157091@N04,46.392647,8.02946
9157091@N04,46.392647,8.02946
9157091@N04,46.392647,8.02946
9157091@N04,46.023101,7.481474
9157091@N04,46.023101,7.481474
9157091@N04,46.02623,7.476282
9157091@N04,46.408392,8.067054
9157091@N04,46.408392,8.067054
9157091@N04,47.108691,6.845528
9157091@N04,46.392647,8.02946
9157091@N04,47.126052,6.823496
9157091@N04,47.126052,6.823496
9157091@N04,47.053531,6.852464
9157091@N04,46.023101,7.481474
9157091@N04,47.108829,6.845383
9157091@N04,47.053531,6.852464
9157091@N04,47.137366,7.064552
9157091@N04,47.137366,7.064552
9157091@N04,46.392647,8.02946
9157091@N04,47.137366,7.064552
9157091@N04,47.108829,6.845383
9157091@N04,47.126052,6.823496
9157091@N04,47.126052,6.823496
9157091@N04,46.006038,7.779521
9157091@N04,46.006038,7.779521
9157091@N04,46.006038,7.779521
9157091@N04,46.006038,7.779521
9157091@N04,46.006038,7.779521
9157091@N04,46.006038,7.779521
9157091@N04,46.408392,8.067054
9157091@N04,46.408392,8.067054
9157091@N04,46.408392,8.067054
9157091@N04,46.408392,8.067054
9157091@N04,46.408392,8.067054
9157091@N04,46.023101,7.481474
9157091@N04,46.408392,8.067054
9157091@N04,46.02623,7.476282
9157091@N04,47.132067,7.053329
9157091@N04,46.408392,8.067054
9157091@N04,46.408392,8.067054
9157091@N04,46.02623,7.476282
9157091@N04,46.023101,7.481474
9157091@N04,46.408392,8.067054
9157091@N04,46.408392,8.067054
89086955@N00,53.762589,-1.851174
89086955@N00,53.762589,-1.851174
89086955@N00,53.762589,-1.851174
89086955@N00,53.762589,-1.851174
89086955@N00,53.762589,-1.851174
89086955@N00,53.762589,-1.851174
89086955@N00,53.762589,-1.851174
89086955@N00,53.762488,-1.851228
89086955@N00,53.766139,-1.845759
89086955@N00,53.766139,-1.845759
89086955@N00,53.761828,-1.842334
89086955@N00,53.762589,-1.851174
89086955@N00,53.762488,-1.851228
89086955@N00,53.762589,-1.851174
89086955@N00,53.762589,-1.851174
89086955@N00,53.762589,-1.851174
89086955@N00,53.762589,-1.851174
89086955@N00,53.761955,-1.850938
86946402@N02,51.532561,-0.157681
86946402@N02,32.34856,72.773748
86946402@N02,51.549243,-0.191402
86946402@N02,32.410472,72.760648
86946402@N02,32.410472,72.760648
86946402@N02,32.410472,72.760648
86946402@N02,51.549243,-0.191402
86946402@N02,32.348578,72.773705
86946402@N02,32.348506,72.773727
86946402@N02,51.549243,-0.191402
86946402@N02,51.902189,-3.192032
86946402@N02,51.902189,-3.192032
86946402@N02,51.549243,-0.191402
86946402@N02,51.549203,-0.19138
86946402@N02,51.549257,-0.191466
86946402@N02,51.902189,-3.192032
86946402@N02,51.549257,-0.191466
86946402@N02,51.549243,-0.191402
86946402@N02,51.549217,-0.191402
86946402@N02,46.591782,4.799308
86946402@N02,51.549257,-0.191466
86946402@N02,51.549243,-0.191402
86946402@N02,51.549257,-0.191466
86946402@N02,51.54919,-0.191402
86946402@N02,51.902189,-3.192032
86946402@N02,51.902189,-3.192032
86946402@N02,51.549257,-0.191466
86946402@N02,51.549243,-0.191402
86946402@N02,51.902189,-3.192032
86946402@N02,51.549243,-0.191402
86946402@N02,51.549257,-0.191466
86946402@N02,51.902189,-3.192032
86946402@N02,51.902189,-3.192032
86946402@N02,51.902189,-3.192032
86946402@N02,51.902189,-3.192032
86946402@N02,51.902189,-3.192032
86946402@N02,51.902189,-3.192032
86946402@N02,51.902189,-3.192032
86946402@N02,51.902189,-3.192032
86946402@N02,51.549257,-0.191466
86946402@N02,51.902189,-3.192032
86946402@N02,51.549243,-0.191402
86946402@N02,51.549243,-0.191402
86946402@N02,51.902189,-3.192032
86946402@N02,51.902189,-3.192032
86946402@N02,51.902189,-3.192032
86946402@N02,51.549257,-0.191466
86946402@N02,51.902189,-3.192032
86946402@N02,51.902189,-3.192032
86946402@N02,51.54923,-0.19138
86946402@N02,51.549257,-0.191466
86946402@N02,51.549243,-0.191402
86946402@N02,51.549257,-0.19138
86946402@N02,51.54923,-0.19138
86946402@N02,51.54927,-0.191402
86946402@N02,32.410472,72.760648
86946402@N02,32.410472,72.760648
86946402@N02,32.410472,72.760648
86946402@N02,51.549257,-0.191466
86946402@N02,46.591782,4.799308
86946402@N02,51.54919,-0.19138
86946402@N02,32.410472,72.760648
86946402@N02,28.424014,70.297393
86946402@N02,51.549257,-0.191466
86946402@N02,51.549203,-0.191402
86946402@N02,51.549243,-0.191402
86946402@N02,32.348615,72.773662
86946402@N02,32.410472,72.760648
82141030@N00,42.259556,-83.574628
82141030@N00,42.259556,-83.574628
82141030@N00,42.259556,-83.574628
82141030@N00,42.259556,-83.574628
82141030@N00,42.259556,-83.574628
82141030@N00,42.259465,-83.57397
82141030@N00,42.259465,-83.57397
82141030@N00,42.259465,-83.57397
82141030@N00,42.259465,-83.57397
82141030@N00,42.259465,-83.57397
82141030@N00,42.259556,-83.574628
82141030@N00,42.259556,-83.574628
82141030@N00,42.259556,-83.574628
82141030@N00,42.259556,-83.574628
82141030@N00,42.259465,-83.57397
82141030@N00,42.259556,-83.574628
82141030@N00,42.259465,-83.57397
82141030@N00,42.259465,-83.57397
82141030@N00,42.259465,-83.57397
82141030@N00,42.259556,-83.574628
82141030@N00,42.259465,-83.57397
82141030@N00,42.259465,-83.57397
82141030@N00,42.259465,-83.57397
82141030@N00,42.259465,-83.57397
82141030@N00,42.259465,-83.57397
82141030@N00,42.259465,-83.57397
82141030@N00,42.259465,-83.57397
82141030@N00,42.259465,-83.57397
82141030@N00,42.260032,-83.568706
82141030@N00,42.259556,-83.574628
82141030@N00,42.259556,-83.574628
82141030@N00,42.259556,-83.574628
82141030@N00,42.259465,-83.57397
82141030@N00,42.259465,-83.57397
82141030@N00,42.259465,-83.57397
82141030@N00,42.259556,-83.574628
82141030@N00,42.259465,-83.57397
82141030@N00,42.260477,-83.572225
82141030@N00,42.259556,-83.574628
82141030@N00,42.259556,-83.574628
82141030@N00,42.259465,-83.57397
82141030@N00,42.259465,-83.57397
82141030@N00,42.259465,-83.57397
82141030@N00,42.259465,-83.57397
82141030@N00,42.259465,-83.57397
82141030@N00,42.259465,-83.57397
82141030@N00,42.259556,-83.574628
82141030@N00,42.259556,-83.574628
82141030@N00,42.259465,-83.57397
82141030@N00,42.259465,-83.57397
82141030@N00,42.259465,-83.57397
82141030@N00,42.259556,-83.574628
82141030@N00,42.259465,-83.57397
82141030@N00,42.259465,-83.57397
82141030@N00,42.259465,-83.57397
82141030@N00,42.259465,-83.57397
82141030@N00,42.259465,-83.57397
82141030@N00,42.259465,-83.57397
82141030@N00,42.259465,-83.57397
82141030@N00,42.259465,-83.57397
82141030@N00,42.259465,-83.57397
82141030@N00,42.259556,-83.574628
82141030@N00,42.259556,-83.574628
82141030@N00,42.259465,-83.57397
82141030@N00,42.259465,-83.57397
82141030@N00,42.259465,-83.57397
82141030@N00,42.259465,-83.57397
82141030@N00,42.259465,-83.57397
82141030@N00,42.259465,-83.57397
82141030@N00,42.259465,-83.57397
82141030@N00,42.259465,-83.57397
82141030@N00,42.259465,-83.57397
82141030@N00,42.259465,-83.57397
82141030@N00,42.259465,-83.57397
82141030@N00,42.259465,-83.57397
82141030@N00,42.259465,-83.57397
82141030@N00,42.259465,-83.57397
82141030@N00,42.259556,-83.574628
82141030@N00,42.259465,-83.57397
82141030@N00,42.259465,-83.57397
82141030@N00,42.259465,-83.57397
82141030@N00,42.259465,-83.57397
82141030@N00,42.259465,-83.57397
82141030@N00,42.259465,-83.57397
82141030@N00,42.259465,-83.57397
82141030@N00,42.259465,-83.57397
82141030@N00,42.259465,-83.57397
82141030@N00,42.259465,-83.57397
82141030@N00,42.259465,-83.57397
82141030@N00,42.259465,-83.57397
82141030@N00,42.259465,-83.57397
82141030@N00,42.259465,-83.57397
82141030@N00,42.259556,-83.574628
82141030@N00,42.259465,-83.57397
82141030@N00,42.259465,-83.57397
82141030@N00,42.259556,-83.574628
82141030@N00,42.259556,-83.574628
82141030@N00,42.259556,-83.574628
82141030@N00,42.259556,-83.574628
82141030@N00,42.259556,-83.574628
82141030@N00,42.259556,-83.574628
82141030@N00,42.259556,-83.574628
82141030@N00,42.259556,-83.574628
82141030@N00,42.259465,-83.57397
82141030@N00,42.259465,-83.57397
82141030@N00,42.259465,-83.57397
82141030@N00,42.259556,-83.574628
82141030@N00,42.259556,-83.574628
82141030@N00,42.259556,-83.574628
82141030@N00,42.259556,-83.574628
82141030@N00,42.259556,-83.574628
82141030@N00,42.259556,-83.574628
82141030@N00,42.259556,-83.574628
82141030@N00,42.259556,-83.574628
82141030@N00,42.259556,-83.574628
82141030@N00,42.259556,-83.574628
82141030@N00,42.259556,-83.574628
82141030@N00,42.259556,-83.574628
82141030@N00,42.259556,-83.574628
82141030@N00,42.259556,-83.574628
82141030@N00,42.259556,-83.574628
82141030@N00,42.259556,-83.574628
82141030@N00,42.259556,-83.574628
82141030@N00,42.259556,-83.574628
82141030@N00,42.259556,-83.574628
82141030@N00,42.259556,-83.574628
82141030@N00,42.259556,-83.574628
82141030@N00,42.259556,-83.574628
82141030@N00,42.259556,-83.574628
82141030@N00,42.259556,-83.574628
82141030@N00,42.259556,-83.574628
82141030@N00,42.259556,-83.574628
82141030@N00,42.259556,-83.574628
82141030@N00,42.259556,-83.574628
82141030@N00,42.259556,-83.574628
82141030@N00,42.259556,-83.574628
82141030@N00,42.259556,-83.574628
82141030@N00,42.259556,-83.574628
82141030@N00,42.259556,-83.574628
82141030@N00,42.259556,-83.574628
82141030@N00,42.259556,-83.574628
82141030@N00,42.259556,-83.574628
82141030@N00,42.259556,-83.574628
82141030@N00,42.259556,-83.574628
82141030@N00,42.259556,-83.574628
82141030@N00,42.259556,-83.574628
82141030@N00,42.259556,-83.574628
82141030@N00,42.259556,-83.574628
82141030@N00,42.259556,-83.574628
82141030@N00,42.259556,-83.574628
82141030@N00,42.259556,-83.574628
82141030@N00,42.259556,-83.574628
82141030@N00,42.259556,-83.574628
82141030@N00,42.259556,-83.574628
82141030@N00,42.259556,-83.574628
82141030@N00,42.259556,-83.574628
82141030@N00,42.259556,-83.574628
82141030@N00,42.259556,-83.574628
82141030@N00,42.259527,-83.574802
82141030@N00,42.259556,-83.574628
82141030@N00,42.259556,-83.574628
82141030@N00,42.259556,-83.574628
82141030@N00,42.259465,-83.57397
82141030@N00,42.259465,-83.57397
82141030@N00,42.259465,-83.57397
82141030@N00,42.259465,-83.57397
82141030@N00,42.259556,-83.574628
82141030@N00,42.259556,-83.574628
82141030@N00,42.259556,-83.574628
82141030@N00,42.259465,-83.57397
82141030@N00,42.259465,-83.57397
82141030@N00,42.259556,-83.574628
82141030@N00,42.259556,-83.574628
82141030@N00,42.259556,-83.574628
82141030@N00,42.259556,-83.574628
82141030@N00,42.259556,-83.574628
82141030@N00,42.259556,-83.574628
82141030@N00,42.259556,-83.574628
82141030@N00,42.259556,-83.574628
82141030@N00,42.259556,-83.574628
82141030@N00,42.259556,-83.574628
82141030@N00,42.259556,-83.574628
82141030@N00,42.259556,-83.574628
82141030@N00,42.259556,-83.574628
82141030@N00,42.259556,-83.574628
82141030@N00,42.259556,-83.574628
82141030@N00,42.259556,-83.574628
82141030@N00,42.259556,-83.574628
82141030@N00,42.259556,-83.574628
82141030@N00,42.259556,-83.574628
82141030@N00,42.259556,-83.574628
82141030@N00,42.259556,-83.574628
82141030@N00,42.259556,-83.574628
82141030@N00,42.259556,-83.574628
82141030@N00,42.259556,-83.574628
82141030@N00,42.259556,-83.574628
82141030@N00,42.259556,-83.574628
82141030@N00,42.259556,-83.574628
82141030@N00,42.259556,-83.574628
82141030@N00,42.259556,-83.574628
82141030@N00,42.259556,-83.574628
82141030@N00,42.259556,-83.574628
82141030@N00,42.259556,-83.574628
82141030@N00,42.259556,-83.574628
82141030@N00,42.259556,-83.574628
82141030@N00,42.259556,-83.574628
82141030@N00,42.259556,-83.574628
82141030@N00,42.259556,-83.574628
82141030@N00,42.259556,-83.574628
82141030@N00,42.259556,-83.574628
82141030@N00,42.259556,-83.574628
82141030@N00,42.259556,-83.574628
82141030@N00,42.259556,-83.574628
82141030@N00,42.259556,-83.574628
82141030@N00,42.259556,-83.574628
82141030@N00,42.259556,-83.574628
82141030@N00,42.259556,-83.574628
82141030@N00,42.259556,-83.574628
82141030@N00,42.259556,-83.574628
82141030@N00,42.259556,-83.574628
82141030@N00,42.259556,-83.574628
82141030@N00,42.259556,-83.574628
82141030@N00,42.259556,-83.574628
82141030@N00,42.259556,-83.574628
82141030@N00,42.259556,-83.574628
82141030@N00,42.259556,-83.574628
82141030@N00,42.259556,-83.574628
82141030@N00,42.259556,-83.574628
82141030@N00,42.259556,-83.574628
82141030@N00,42.259556,-83.574628
82141030@N00,42.259556,-83.574628
82141030@N00,42.259556,-83.574628
82141030@N00,42.259556,-83.574628
82141030@N00,42.259556,-83.574628
82141030@N00,42.259556,-83.574628
82141030@N00,42.259556,-83.574628
82141030@N00,42.259556,-83.574628
82141030@N00,42.259556,-83.574628
82141030@N00,42.259556,-83.574628
82141030@N00,42.259556,-83.574628
82141030@N00,42.259556,-83.574628
82141030@N00,42.259556,-83.574628
82141030@N00,42.259556,-83.574628
82141030@N00,42.259465,-83.57397
82141030@N00,42.259465,-83.57397
82141030@N00,42.259465,-83.57397
82141030@N00,42.259465,-83.57397
82141030@N00,42.259465,-83.57397
82141030@N00,42.259465,-83.57397
82141030@N00,42.259465,-83.57397
82141030@N00,42.259465,-83.57397
82141030@N00,42.259556,-83.574628
82141030@N00,42.259556,-83.574628
82141030@N00,42.259556,-83.574628
82141030@N00,42.259556,-83.574628
82141030@N00,42.259556,-83.574628
82141030@N00,42.259556,-83.574628
82141030@N00,42.259556,-83.574628
82141030@N00,42.259556,-83.574628
82141030@N00,42.259556,-83.574628
82141030@N00,42.259556,-83.574628
82141030@N00,42.259556,-83.574628
82141030@N00,42.259465,-83.57397
82141030@N00,42.259465,-83.57397
82141030@N00,42.259465,-83.57397
82141030@N00,42.259465,-83.57397
82141030@N00,42.259465,-83.57397
82141030@N00,42.259465,-83.57397
82141030@N00,42.259556,-83.574628
82141030@N00,42.259556,-83.574628
82141030@N00,42.259556,-83.574628
82141030@N00,42.259556,-83.574628
82141030@N00,42.259556,-83.574628
82141030@N00,42.259556,-83.574628
82141030@N00,42.259556,-83.574628
82141030@N00,42.259556,-83.574628
82141030@N00,42.259556,-83.574628
82141030@N00,42.259556,-83.574628
82141030@N00,42.259556,-83.574628
82141030@N00,42.259556,-83.574628
82141030@N00,42.259556,-83.574628
82141030@N00,42.259556,-83.574628
82141030@N00,42.259556,-83.574628
82141030@N00,42.259556,-83.574628
82141030@N00,42.259556,-83.574628
82141030@N00,42.259556,-83.574628
82141030@N00,42.259556,-83.574628
82141030@N00,42.259556,-83.574628
82141030@N00,42.259556,-83.574628
82141030@N00,42.259556,-83.574628
82141030@N00,42.259556,-83.574628
82141030@N00,42.259556,-83.574628
82141030@N00,42.259556,-83.574628
82141030@N00,42.259556,-83.574628
82141030@N00,42.259556,-83.574628
82141030@N00,42.259556,-83.574628
82141030@N00,42.259556,-83.574628
82141030@N00,42.259556,-83.574628
82141030@N00,42.259556,-83.574628
82141030@N00,42.259556,-83.574628
82141030@N00,42.259556,-83.574628
82141030@N00,42.259556,-83.574628
82141030@N00,42.259556,-83.574628
82141030@N00,42.259556,-83.574628
82141030@N00,42.259556,-83.574628
82141030@N00,42.259556,-83.574628
82141030@N00,42.259556,-83.574628
82141030@N00,42.259556,-83.574628
82141030@N00,42.259556,-83.574628
82141030@N00,42.259556,-83.574628
82141030@N00,42.259556,-83.574628
82141030@N00,42.259556,-83.574628
82141030@N00,42.259556,-83.574628
82141030@N00,42.259556,-83.574628
82141030@N00,42.259556,-83.574628
82141030@N00,42.259556,-83.574628
82141030@N00,42.259556,-83.574628
82141030@N00,42.259556,-83.574628
82141030@N00,42.259556,-83.574628
82141030@N00,42.259556,-83.574628
82141030@N00,42.259556,-83.574628
82141030@N00,42.259556,-83.574628
82141030@N00,42.259556,-83.574628
82141030@N00,42.259556,-83.574628
82141030@N00,42.259556,-83.574628
82141030@N00,42.259556,-83.574628
82141030@N00,42.259556,-83.574628
82141030@N00,42.259556,-83.574628
82141030@N00,42.259556,-83.574628
82141030@N00,42.259556,-83.574628
82141030@N00,42.259556,-83.574628
82141030@N00,42.259556,-83.574628
82141030@N00,42.259556,-83.574628
82141030@N00,42.259556,-83.574628
82141030@N00,42.259556,-83.574628
82141030@N00,42.259556,-83.574628
82141030@N00,42.259556,-83.574628
82141030@N00,42.259556,-83.574628
82141030@N00,42.259556,-83.574628
82141030@N00,42.259556,-83.574628
82141030@N00,42.259556,-83.574628
82141030@N00,42.259556,-83.574628
82141030@N00,42.259556,-83.574628
82141030@N00,42.259556,-83.574628
82141030@N00,42.259556,-83.574628
82141030@N00,42.259556,-83.574628
82141030@N00,42.259556,-83.574628
82141030@N00,42.259556,-83.574628
82141030@N00,42.259556,-83.574628
82141030@N00,42.259556,-83.574628
82141030@N00,42.259556,-83.574628
82141030@N00,42.259556,-83.574628
82141030@N00,42.259556,-83.574628
82141030@N00,42.259556,-83.574628
82141030@N00,42.259556,-83.574628
82141030@N00,42.259465,-83.57397
82141030@N00,42.259465,-83.57397
82141030@N00,42.259465,-83.57397
82141030@N00,42.259556,-83.574628
82141030@N00,42.259556,-83.574628
82141030@N00,42.259556,-83.574628
82141030@N00,42.259465,-83.57397
82141030@N00,42.259556,-83.574628
82141030@N00,42.259465,-83.57397
82141030@N00,42.259465,-83.57397
82141030@N00,42.259465,-83.57397
82141030@N00,42.259465,-83.57397
82141030@N00,42.259465,-83.57397
82141030@N00,42.259465,-83.57397
82141030@N00,42.259465,-83.57397
82141030@N00,42.259465,-83.57397
82141030@N00,42.259465,-83.57397
82141030@N00,42.259465,-83.57397
82141030@N00,42.259556,-83.574628
82141030@N00,42.259556,-83.574628
82141030@N00,42.259556,-83.574628
82141030@N00,42.259465,-83.57397
82141030@N00,42.259465,-83.57397
82141030@N00,42.259524,-83.567848
82141030@N00,42.259465,-83.57397
82141030@N00,42.259465,-83.57397
82141030@N00,42.259465,-83.57397
82141030@N00,42.259465,-83.57397
82141030@N00,42.259465,-83.57397
82141030@N00,42.259465,-83.57397
82141030@N00,42.259465,-83.57397
82141030@N00,42.259465,-83.57397
82141030@N00,42.259465,-83.57397
82141030@N00,42.259465,-83.57397
82141030@N00,42.259465,-83.57397
82141030@N00,42.259465,-83.57397
82141030@N00,42.259465,-83.57397
82141030@N00,42.259465,-83.57397
82141030@N00,42.259465,-83.57397
82141030@N00,42.259465,-83.57397
82141030@N00,42.259465,-83.57397
82141030@N00,42.259465,-83.57397
82141030@N00,42.259465,-83.57397
82141030@N00,42.259465,-83.57397
82141030@N00,42.259465,-83.57397
82141030@N00,42.259465,-83.57397
82141030@N00,42.259527,-83.574802
82141030@N00,42.259556,-83.574628
82141030@N00,42.259465,-83.57397
82141030@N00,42.259465,-83.57397
82141030@N00,42.259556,-83.574628
82141030@N00,42.259556,-83.574628
82141030@N00,42.259465,-83.57397
82141030@N00,42.259465,-83.57397
82141030@N00,42.259465,-83.57397
82141030@N00,42.259465,-83.57397
82141030@N00,42.259465,-83.57397
82141030@N00,42.259556,-83.574628
82141030@N00,42.259465,-83.57397
82141030@N00,42.259465,-83.57397
82141030@N00,42.259465,-83.57397
82141030@N00,42.259465,-83.57397
82141030@N00,42.259556,-83.574628
82141030@N00,42.259556,-83.574628
82141030@N00,42.259556,-83.574628
82141030@N00,42.259465,-83.57397
82141030@N00,42.259465,-83.57397
82141030@N00,42.259465,-83.57397
82141030@N00,42.259465,-83.57397
82141030@N00,42.259465,-83.57397
82141030@N00,42.259465,-83.57397
82141030@N00,42.259465,-83.57397
82141030@N00,42.259465,-83.57397
82141030@N00,42.259465,-83.57397
82141030@N00,42.259465,-83.57397
82141030@N00,42.259465,-83.57397
82141030@N00,42.259556,-83.574628
82141030@N00,42.259556,-83.574628
82141030@N00,42.259556,-83.574628
82141030@N00,42.259465,-83.57397
82141030@N00,42.259465,-83.57397
82141030@N00,42.259465,-83.57397
82141030@N00,42.259465,-83.57397
82141030@N00,42.259465,-83.57397
82141030@N00,42.259556,-83.574628
82141030@N00,42.259556,-83.574628
82141030@N00,42.259465,-83.57397
82141030@N00,42.259465,-83.57397
82141030@N00,42.259465,-83.57397
82141030@N00,42.259465,-83.57397
82141030@N00,42.259556,-83.574628
82141030@N00,42.259556,-83.574628
82141030@N00,42.259556,-83.574628
82141030@N00,42.259556,-83.574628
82141030@N00,42.259465,-83.57397
82141030@N00,42.259465,-83.57397
80112575@N03,51.580696,13.563394
80112575@N03,51.660803,13.54494
80112575@N03,51.660803,13.54494
80112575@N03,51.660803,13.54494
80112575@N03,51.660803,13.54494
80112575@N03,51.660803,13.54494
80112575@N03,51.660803,13.54494
80112575@N03,51.637863,13.560497
80112575@N03,51.660803,13.54494
80112575@N03,51.533749,13.620439
80112575@N03,51.660803,13.54494
80112575@N03,51.637863,13.560497
80112575@N03,51.660803,13.54494
80112575@N03,51.660803,13.54494
80112575@N03,51.660803,13.54494
80112575@N03,51.660803,13.54494
80112575@N03,51.637863,13.560497
80112575@N03,51.637956,13.560551
80112575@N03,51.660803,13.54494
80112575@N03,51.660803,13.54494
80112575@N03,51.660803,13.54494
80112575@N03,51.660803,13.54494
80112575@N03,51.660803,13.54494
80112575@N03,51.660803,13.54494
80112575@N03,51.533749,13.620439
80112575@N03,51.660803,13.54494
80112575@N03,51.533749,13.620439
80112575@N03,51.533749,13.620439
80112575@N03,51.660803,13.54494
80112575@N03,51.533803,13.621126
80112575@N03,51.533749,13.620439
77677429@N05,-43.985674,170.464993
77677429@N05,-43.985674,170.464993
77677429@N05,-43.985674,170.464993
77677429@N05,-43.824991,170.656299
77677429@N05,-43.824991,170.656299
77677429@N05,-43.824991,170.656299
77677429@N05,-43.824991,170.656299
77677429@N05,-43.824991,170.656299
77677429@N05,-43.824991,170.656299
77677429@N05,-43.824991,170.656299
77677429@N05,-43.824991,170.656299
77677429@N05,-43.824991,170.656299
77677429@N05,-43.824991,170.656299
77677429@N05,-43.824991,170.656299
77677429@N05,-43.824991,170.656299
77677429@N05,-43.824991,170.656299
77677429@N05,-43.824991,170.656299
77677429@N05,-43.824991,170.656299
77677429@N05,-43.824991,170.656299
77677429@N05,-43.985674,170.464993
77677429@N05,-43.985674,170.464993
77677429@N05,-43.985674,170.464993
77677429@N05,-43.985442,170.465143
77677429@N05,-43.985674,170.464993
7321165@N03,43.99922,12.097105
7321165@N03,43.999575,12.09732
7321165@N03,43.940057,11.980204
7321165@N03,43.937523,11.977758
7321165@N03,42.760373,13.209471
7321165@N03,43.940057,11.980333
7321165@N03,43.999575,12.097063
7321165@N03,43.999297,12.097234
7321165@N03,43.404618,12.998628
7321165@N03,43.941108,11.981148
7321165@N03,43.94083,11.980805
7321165@N03,43.94083,11.980805
7321165@N03,44.134528,11.645443
7321165@N03,43.40433,12.998757
7321165@N03,43.941386,11.981191
7321165@N03,43.404392,12.998456
7321165@N03,43.99956,12.09732
7321165@N03,43.999575,12.097234
7321165@N03,43.937994,11.978144
7321165@N03,42.880241,11.60521
7321165@N03,43.404408,12.998735
7321165@N03,43.404548,12.998456
7321165@N03,44.134374,11.645443
7321165@N03,43.999174,12.097234
7321165@N03,43.973391,12.160127
7321165@N03,43.972858,12.159698
7321165@N03,43.405172,12.999658
7321165@N03,43.999189,12.097277
7321165@N03,43.998989,12.096848
7321165@N03,43.404548,12.998456
7321165@N03,43.404548,12.998456
7321165@N03,43.404533,12.998628
7321165@N03,43.405109,12.999658
7321165@N03,43.973422,12.16017
7321165@N03,43.939987,11.98014
7321165@N03,43.939887,11.979839
7321165@N03,43.928931,11.97823
7321165@N03,43.405218,12.99968
7321165@N03,43.405047,12.999787
7321165@N03,43.404985,12.999787
7321165@N03,43.99885,12.096762
7321165@N03,43.405016,12.999701
7321165@N03,43.999081,12.096633
7321165@N03,43.999236,12.097234
7321165@N03,43.405047,12.999486
7321165@N03,44.043658,12.156929
7321165@N03,43.405141,13.000001
7321165@N03,43.405234,12.999958
7321165@N03,43.999475,12.097299
7321165@N03,43.405109,12.999916
7321165@N03,43.972464,12.170662
7321165@N03,43.99939,12.097127
7321165@N03,43.999598,12.097309
7321165@N03,43.928808,11.978573
7321165@N03,43.999282,12.097191
7321165@N03,43.972974,12.159633
7321165@N03,43.929063,11.97808
7321165@N03,43.929016,11.978423
7321165@N03,43.973916,12.161264
7321165@N03,43.939794,11.97999
7321165@N03,43.999544,12.097406
7321165@N03,44.123523,11.665184
7321165@N03,43.928993,11.978294
7321165@N03,43.939902,11.980032
7321165@N03,43.928939,11.978487
7321165@N03,42.880681,11.605081
7321165@N03,43.928931,11.978359
7321165@N03,44.135013,11.646012
7321165@N03,43.99905,12.097148
7321165@N03,43.999143,12.09732
7321165@N03,43.97319,12.159912
7321165@N03,43.973978,12.161006
7321165@N03,43.405141,12.999658
7321165@N03,43.93998,11.980247
7321165@N03,43.999436,12.097234
7321165@N03,43.973854,12.160964
7321165@N03,43.405047,12.999958
7321165@N03,43.999737,12.097363
7321165@N03,43.405156,12.99983
7321165@N03,44.13499,11.645872
7321165@N03,43.404751,12.9988
7321165@N03,43.937523,11.977758
7321165@N03,43.973514,12.160277
7321165@N03,43.999853,12.097406
7321165@N03,43.404704,12.998671
7321165@N03,44.134936,11.64599
7321165@N03,42.880712,11.605081
7321165@N03,43.939902,11.980032
7321165@N03,42.880712,11.605081
7321165@N03,43.405109,12.999551
7321165@N03,43.404688,12.9988
7321165@N03,43.939902,11.980032
7321165@N03,42.880712,11.605081
7321165@N03,43.404953,12.99983
7321165@N03,43.928993,11.978359
7321165@N03,43.973175,12.159794
7321165@N03,43.939756,11.979796
7321165@N03,43.405218,12.999658
7321165@N03,43.939717,11.979753
7321165@N03,43.939748,11.979732
7321165@N03,43.791264,12.07642
7321165@N03,43.97319,12.159762
7321165@N03,43.939748,11.979646
7321165@N03,43.999683,12.097299
7321165@N03,43.999699,12.097299
7321165@N03,43.999066,12.096977
7321165@N03,43.998927,12.096762
7321165@N03,43.79145,12.07612
7321165@N03,43.971986,12.159075
7321165@N03,43.940725,11.980719
7321165@N03,43.972074,12.171478
7321165@N03,44.134844,11.645776
7321165@N03,43.973082,12.159783
7321165@N03,43.972819,12.15974
7321165@N03,43.998973,12.096719
7321165@N03,43.972819,12.15974
7321165@N03,43.999313,12.097363
7321165@N03,43.404673,12.998757
7321165@N03,43.939763,11.979925
63377133@N00,52.404932,13.104672
63377133@N00,52.294517,12.805734
63377133@N00,47.028774,15.472236
63377133@N00,52.404919,13.10465
63377133@N00,47.066986,15.495046
63377133@N00,47.066979,15.494585
63377133@N00,47.066979,15.494585
63377133@N00,47.028774,15.472236
63377133@N00,47.028774,15.472236
56769972@N03,51.46509,0.049631
56769972@N03,51.368752,0.202946
56769972@N03,51.368752,0.202946
56769972@N03,51.476802,-0.000236
56769972@N03,51.476959,-0.000418
56769972@N03,51.476949,-0.000622
56769972@N03,51.46509,0.049631
56769972@N03,51.368746,0.202968
56769972@N03,51.368752,0.202946
56769972@N03,51.368752,0.202946
56769972@N03,51.368752,0.202946
56769972@N03,51.368752,0.202946
56769972@N03,51.368752,0.202946
56769972@N03,51.368752,0.202946
56769972@N03,51.476759,-0.000203
56769972@N03,51.368752,0.202946
56769972@N03,51.46509,0.049631
56769972@N03,51.476795,-0.000278
56769972@N03,51.477093,-0.000729
56769972@N03,50.847681,-4.015245
56769972@N03,50.847681,-4.015245
56769972@N03,50.847681,-4.015245
56769972@N03,50.847681,-4.015245
56769972@N03,50.847681,-4.015245
56769972@N03,50.847681,-4.015245
56769972@N03,51.476999,-0.000557
56769972@N03,51.477881,-0.000557
56769972@N03,51.477881,-0.000557
56769972@N03,51.367587,0.201272
56769972@N03,51.367788,0.201144
56769972@N03,51.367895,0.201015
56769972@N03,51.368752,0.202946
56769972@N03,51.367895,0.201015
56769972@N03,51.476999,-0.000557
56769972@N03,50.847681,-4.015245
56769972@N03,50.847681,-4.015245
56769972@N03,50.847681,-4.015245
56769972@N03,50.847681,-4.015245
56769972@N03,51.437731,0.020009
56769972@N03,51.437731,0.020009
56769972@N03,51.437731,0.020009
56769972@N03,51.368752,0.202946
56769972@N03,51.368752,0.202946
56769972@N03,51.437731,0.020009
56769972@N03,51.437731,0.020009
56769972@N03,51.437731,0.020009
56769972@N03,51.46509,0.049631
56769972@N03,51.477186,-0.000858
56769972@N03,51.437731,0.020009
56769972@N03,51.368752,0.202946
56769972@N03,51.437731,0.020009
56769972@N03,51.368752,0.202946
56769972@N03,51.368752,0.202946
56769972@N03,51.368752,0.202946
56769972@N03,51.46509,0.049631
56584747@N00,47.695797,-122.131801
52896569@N03,52.372268,9.738149
52896569@N03,51.710708,10.519229
52896569@N03,51.710708,10.519229
52896569@N03,51.710708,10.519229
52896569@N03,51.720328,10.53327
52896569@N03,52.491909,9.85509
52896569@N03,52.491909,9.85509
52896569@N03,51.710708,10.519229
52896569@N03,51.710708,10.519229
52896569@N03,51.720408,10.532712
52896569@N03,51.720475,10.532798
52896569@N03,51.721538,10.52885
52896569@N03,51.720461,10.53297
52896569@N03,51.720621,10.532712
52896569@N03,51.710708,10.519229
52896569@N03,51.710708,10.519229
52896569@N03,51.710708,10.519229
52896569@N03,51.710708,10.519229
52896569@N03,51.72082,10.532369
52896569@N03,51.710708,10.519229
52896569@N03,51.710708,10.519229
52896569@N03,51.720541,10.533142
52896569@N03,51.710708,10.519229
52896569@N03,51.710708,10.519229
52896569@N03,51.710708,10.519229
52896569@N03,51.710708,10.519229
52896569@N03,51.710708,10.519229
52896569@N03,51.719983,10.533142
52896569@N03,51.720289,10.533356
50509925@N00,43.449561,-3.967303
50509925@N00,42.895082,-3.63729
50509925@N00,43.488797,-3.758268
50509925@N00,42.895082,-3.63729
50509925@N00,43.471172,-3.766379
50509925@N00,42.770612,-3.944864
50509925@N00,43.464522,-3.948876
50509925@N00,43.43896,-4.001941
50509925@N00,43.488797,-3.758268
50509925@N00,43.340223,-3.663253
50509925@N00,43.358019,-3.817963
50509925@N00,43.464522,-3.948876
50509925@N00,43.293981,-3.761111
50509925@N00,43.293981,-3.761111
50509925@N00,43.379257,-3.778717
50509925@N00,43.340223,-3.663253
50509925@N00,43.3847,-3.786538
50509925@N00,42.990428,-3.965098
50509925@N00,43.331795,-3.735158
50509925@N00,43.488797,-3.758268
50509925@N00,43.393978,-4.263811
50509925@N00,43.488797,-3.758268
50509925@N00,42.97404,-4.020845
50509925@N00,43.393978,-4.263811
50509925@N00,43.379257,-3.778717
50509925@N00,28.302415,-16.510734
50509925@N00,42.962578,-3.956108
50509925@N00,28.223481,-16.631669
50509925@N00,42.993598,-4.038505
50509925@N00,43.074906,-4.004516
50509925@N00,43.298697,-4.022369
50509925@N00,43.473881,-3.916647
50509925@N00,42.759201,-4.252329
50509925@N00,43.414088,-3.821547
50509925@N00,43.488797,-3.758268
50509925@N00,43.488797,-3.758268
50509925@N00,43.324713,-4.263939
50509925@N00,43.023286,-4.027873
50509925@N00,42.985939,-4.117126
50509925@N00,43.474411,-3.719215
50509925@N00,43.324713,-4.263939
50509925@N00,43.488797,-3.758268
50509925@N00,43.473881,-3.916647
50509925@N00,43.488797,-3.758268
50509925@N00,43.488797,-3.758268
50509925@N00,43.488797,-3.758268
50509925@N00,43.324713,-4.263939
50509925@N00,43.488797,-3.758268
50509925@N00,42.895082,-3.63729
50509925@N00,43.488797,-3.758268
50509925@N00,43.082931,-4.005203
50509925@N00,43.324713,-4.263939
50509925@N00,43.324713,-4.263939
50509925@N00,43.074906,-4.004516
50509925@N00,43.255455,-3.698101
48048313@N02,41.206684,-74.611072
48048313@N02,41.205066,-74.621908
48048313@N02,37.327119,-122.168569
48048313@N02,37.824158,-120.283069
48048313@N02,37.064903,-121.179885
48048313@N02,37.842054,-120.379686
48048313@N02,37.063225,-121.173491
48048313@N02,37.895175,-120.449752
48048313@N02,41.206232,-74.612617
48048313@N02,41.205135,-74.614076
48048313@N02,37.182783,-122.393989
48048313@N02,37.821175,-120.289993
48048313@N02,38.971354,-120.393719
48048313@N02,37.770171,-120.25835
48048313@N02,37.32485,-122.182388
48048313@N02,37.11573,-121.550674
48048313@N02,37.324338,-122.204082
48048313@N02,37.351567,-121.613545
48048313@N02,37.8147,-122.371044
48048313@N02,41.207395,-74.6103
48048313@N02,37.831412,-122.477045
48048313@N02,41.20721,-74.610763
48048313@N02,39.97018,-75.189142
48048313@N02,37.34314,-121.635775
48048313@N02,36.560324,-121.17495
48048313@N02,37.182903,-122.393832
48048313@N02,37.349793,-121.620626
48048313@N02,41.206208,-74.612596
48048313@N02,41.169383,-74.655961
48048313@N02,41.424129,-74.78239
48048313@N02,37.316688,-122.274833
48048313@N02,41.210833,-74.735667
48048313@N02,41.206241,-74.612499
48048313@N02,37.324333,-122.181334
48048313@N02,41.257775,-74.705872
48048313@N02,37.077307,-122.264109
48048313@N02,37.716264,-122.503545
48048313@N02,41.241554,-74.573371
48048313@N02,41.205756,-74.612939
48048313@N02,37.819412,-120.289936
48048313@N02,37.770714,-120.258965
48048313@N02,36.600645,-121.195163
48048313@N02,37.841783,-120.379557
48048313@N02,37.840868,-120.515599
48048313@N02,38.97117,-120.39359
48048313@N02,38.274844,-119.973449
48048313@N02,37.841173,-120.51414
48048313@N02,37.832158,-120.348851
48048313@N02,37.091247,-121.54145
48048313@N02,37.317751,-121.090278
48048313@N02,41.207459,-74.609355
48048313@N02,37.829853,-120.346298
48048313@N02,37.011108,-122.1949
48048313@N02,37.064132,-121.171023
48048313@N02,37.602332,-122.061538
48048313@N02,37.893821,-120.446548
48048313@N02,37.771121,-120.263385
48048313@N02,41.20511,-74.621876
48048313@N02,37.658785,-122.060852
48048313@N02,37.799153,-120.721378
48048313@N02,37.802968,-120.718524
48048313@N02,37.795711,-120.724253
48048313@N02,37.827141,-122.485198
48048313@N02,41.205958,-74.612896
48048313@N02,41.205215,-74.613797
48048313@N02,37.011108,-122.1949
48048313@N02,37.064201,-121.170809
48048313@N02,41.176586,-74.792861
46292690@N00,38.655763,-77.642295
46292690@N00,38.655636,-77.642281
46292690@N00,38.655769,-77.642231
46292690@N00,38.65578,-77.64232
46292690@N00,38.658105,-77.639637
46292690@N00,38.655659,-77.642537
46292690@N00,38.655756,-77.642505
46292690@N00,38.655775,-77.642153
46292690@N00,38.655713,-77.642273
46292690@N00,38.655755,-77.642148
46292690@N00,38.655802,-77.641889
46292690@N00,38.655802,-77.641889
46292690@N00,38.656269,-77.642106
46292690@N00,38.655802,-77.641889
46292690@N00,38.655841,-77.642378
46292690@N00,38.655683,-77.642345
46292690@N00,38.655644,-77.642348
46292690@N00,38.655644,-77.642348
46292690@N00,38.655644,-77.642348
46292690@N00,38.655716,-77.642289
46292690@N00,38.655663,-77.642284
46292690@N00,38.655747,-77.642334
46292690@N00,38.655644,-77.642348
46292690@N00,38.655644,-77.642348
46292690@N00,38.655755,-77.642148
46292690@N00,38.655722,-77.642259
46292690@N00,38.655644,-77.642348
46292690@N00,38.655669,-77.642767
46292690@N00,38.655722,-77.642353
46292690@N00,38.655644,-77.642348
39645738@N03,-40.523651,175.266609
39645738@N03,-40.523651,175.266609
39645738@N03,-40.523651,175.266609
39645738@N03,-40.523651,175.266609
39645738@N03,-40.523651,175.266609
39645738@N03,-40.523651,175.266609
39645738@N03,-40.523651,175.266609
39645738@N03,-40.522738,175.263411
39645738@N03,-40.523651,175.266609
39645738@N03,-40.523651,175.266609
39645738@N03,-40.523651,175.266609
39645738@N03,-40.523651,175.266609
39645738@N03,-40.523651,175.266609
39645738@N03,-40.523651,175.266609
39645738@N03,-40.523651,175.266609
39645738@N03,-40.523651,175.266609
39645738@N03,-40.523651,175.266609
39645738@N03,-40.523651,175.266609
39645738@N03,-40.523651,175.266609
39645738@N03,-40.523651,175.266609
39645738@N03,-40.523651,175.266609
39645738@N03,-40.523651,175.266609
39645738@N03,-40.523651,175.266609
39645738@N03,-40.523651,175.266609
39645738@N03,-40.523651,175.266609
39645738@N03,-40.523651,175.266609
39645738@N03,-40.523651,175.266609
39645738@N03,-40.523651,175.266609
39645738@N03,-40.523651,175.266609
39645738@N03,-40.523651,175.266609
39645738@N03,-40.523651,175.266609
39645738@N03,-40.523443,175.263583
39645738@N03,-40.523651,175.266609
39645738@N03,-40.523651,175.266609
39645738@N03,-40.523651,175.266609
39645738@N03,-40.523651,175.266609
39645738@N03,-40.523651,175.266609
39645738@N03,-40.523651,175.266609
39645738@N03,-40.523651,175.266609
39645738@N03,-40.523374,175.263605
39645738@N03,-40.523651,175.266609
39645738@N03,-40.523651,175.266609
39645738@N03,-40.523651,175.266609
39645738@N03,-40.523243,175.263111
39645738@N03,-40.523651,175.266609
39645738@N03,-40.523651,175.266609
39645738@N03,-40.523651,175.266609
39645738@N03,-40.523651,175.266609
39645738@N03,-40.523651,175.266609
39645738@N03,-40.523651,175.266609
37564545@N04,65.064568,-146.065292
37564545@N04,35.162652,-93.608751
37564545@N04,45.27102,-95.581054
37564545@N04,65.11388,-147.507162
37564545@N04,35.162652,-93.608751
37564545@N04,35.178578,-93.589954
37564545@N04,64.85862,-147.836666
37564545@N04,35.102004,-93.650207
37564545@N04,35.178578,-93.589954
37564545@N04,65.025422,-148.40538
37564545@N04,65.025422,-148.40538
37564545@N04,35.162652,-93.608751
37564545@N04,65.11388,-147.507162
37564545@N04,45.27102,-95.581054
37564545@N04,65.11388,-147.507162
37564545@N04,65.11388,-147.507162
37564545@N04,65.11388,-147.507162
37564545@N04,35.288874,-93.75904
37564545@N04,35.288874,-93.75904
37564545@N04,64.913426,-146.554527
37564545@N04,64.913426,-146.554527
37564545@N04,64.858784,-147.832546
37564545@N04,35.162652,-93.608751
37564545@N04,40.448775,-105.727272
36519414@N00,47.620353,6.986317
36519414@N00,47.620353,6.986317
36519414@N00,47.651666,6.846722
36519414@N00,47.651666,6.846722
36519414@N00,47.640757,6.865339
36519414@N00,47.651666,6.846722
36519414@N00,47.651666,6.846722
36519414@N00,47.640757,6.865339
36519414@N00,47.640757,6.865339
36519414@N00,47.640757,6.865339
36519414@N00,47.651666,6.846722
36519414@N00,47.640757,6.865339
36519414@N00,47.640757,6.865339
36519414@N00,47.640757,6.865339
36519414@N00,47.640757,6.865339
36519414@N00,47.640757,6.865339
36519414@N00,47.0,6.0
36519414@N00,47.0,6.0
36519414@N00,47.651666,6.846722
36519414@N00,47.651666,6.846722
36519414@N00,47.659361,6.814291
36519414@N00,47.651666,6.846722
36519414@N00,47.640757,6.865339
36519414@N00,48.126369,6.786782
36519414@N00,48.126369,6.786782
36519414@N00,48.126369,6.786782
36519414@N00,48.126369,6.786782
36519414@N00,47.659404,6.814291
36519414@N00,47.659678,6.81281
36519414@N00,47.640757,6.865339
36519414@N00,47.640757,6.865339
36519414@N00,47.659548,6.812918
36519414@N00,47.659677,6.812852
36519414@N00,47.651666,6.846722
36519414@N00,47.640758,6.865338
36519414@N00,47.659622,6.813283
36519414@N00,47.659622,6.813283
36519414@N00,47.651666,6.846722
36519414@N00,47.651666,6.846722
36519414@N00,47.620311,6.986275
36519414@N00,47.620311,6.986275
36519414@N00,47.640758,6.865338
36519414@N00,47.659622,6.813283
36519414@N00,47.659622,6.813283
36519414@N00,47.573375,6.755708
36519414@N00,47.573375,6.755708
36519414@N00,47.573375,6.755708
36519414@N00,47.573375,6.755708
36519414@N00,47.573375,6.755708
36519414@N00,47.640758,6.865338
36519414@N00,47.640758,6.865338
36519414@N00,47.640758,6.865338
36519414@N00,47.640758,6.865338
36519414@N00,47.640758,6.865338
36519414@N00,47.659622,6.813283
36519414@N00,47.468194,6.873172
36519414@N00,47.461922,6.861261
36519414@N00,47.659622,6.813283
36519414@N00,47.646844,6.869963
36519414@N00,47.686633,6.807527
36519414@N00,47.640758,6.865338
36519414@N00,47.686597,6.807338
36519414@N00,47.659613,6.812811
36519414@N00,47.640772,6.865241
36519414@N00,47.651794,6.846655
36519414@N00,47.651794,6.846655
36519414@N00,47.651794,6.846655
36519414@N00,47.651794,6.846655
36519414@N00,47.640772,6.865241
36519414@N00,47.620358,6.986258
36519414@N00,47.640772,6.865241
36519414@N00,47.659527,6.812611
36519414@N00,47.6596,6.812411
36519414@N00,47.640761,6.865227
36519414@N00,47.640761,6.865227
36519414@N00,47.640761,6.865227
36519414@N00,47.640761,6.865227
36519414@N00,47.640761,6.865227
36519414@N00,47.640761,6.865227
36519414@N00,47.640761,6.865227
36519414@N00,47.651794,6.846655
36519414@N00,47.640869,6.865152
36519414@N00,48.126388,6.786711
36519414@N00,47.640869,6.865152
36519414@N00,47.461094,6.864149
36519414@N00,47.686619,6.807688
36519414@N00,47.686619,6.807688
36519414@N00,47.686619,6.807688
36519414@N00,47.686619,6.807688
36519414@N00,47.686619,6.807688
36519414@N00,47.651794,6.846655
36519414@N00,47.651794,6.846655
36519414@N00,47.686619,6.807688
36519414@N00,47.651794,6.846655
36519414@N00,47.651794,6.846655
36519414@N00,47.992494,7.20708
36519414@N00,47.992494,7.20708
36519414@N00,47.992494,7.20708
36519414@N00,47.992494,7.20708
36519414@N00,47.992494,7.20708
36519414@N00,47.651794,6.846655
36519414@N00,47.620358,6.986258
36519414@N00,47.620358,6.986258
36519414@N00,47.620358,6.986258
36519414@N00,47.467391,6.872886
36519414@N00,47.467391,6.872886
36519414@N00,47.685986,6.80945
36519414@N00,47.685986,6.80945
36519414@N00,47.620358,6.986258
36519414@N00,47.620358,6.986258
36519414@N00,47.620358,6.986258
36519414@N00,47.659641,6.812572
36519414@N00,47.659319,6.814386
36519414@N00,47.659319,6.814386
36519414@N00,47.640772,6.865227
36519414@N00,47.640772,6.865227
36519414@N00,47.640763,6.865161
36519414@N00,47.640763,6.865161
36519414@N00,47.640869,6.865152
36519414@N00,47.640869,6.865152
36519414@N00,47.640869,6.865152
36519414@N00,47.640869,6.865152
36519414@N00,47.640869,6.865152
36519414@N00,47.640869,6.865152
36519414@N00,47.640869,6.865152
36519414@N00,47.640869,6.865152
36519414@N00,47.640869,6.865152
36519414@N00,47.640869,6.865152
36519414@N00,47.640869,6.865152
36519414@N00,47.640869,6.865152
36519414@N00,47.640869,6.865152
36519414@N00,47.640869,6.865152
36519414@N00,47.640433,6.865916
36519414@N00,47.640869,6.865152
36519414@N00,47.640869,6.865152
36519414@N00,47.640869,6.865152
36519414@N00,47.620358,6.986258
36519414@N00,47.620358,6.986258
36519414@N00,47.651794,6.846655
36519414@N00,47.521,6.843911
36519414@N00,47.640869,6.865152
36519414@N00,47.793969,6.588461
36519414@N00,47.62198,6.89535
36519414@N00,47.62198,6.89535
36519414@N00,47.62195,6.8953
36519414@N00,47.62195,6.8953
36519414@N00,47.62173,6.896819
36519414@N00,47.62173,6.896819
36519414@N00,47.89968,6.56758
36519414@N00,47.619011,6.850277
36519414@N00,47.532822,6.807427
36519414@N00,47.640869,6.865152
36519414@N00,47.640869,6.865152
36519414@N00,47.620358,6.986258
36519414@N00,47.620358,6.986258
36519414@N00,47.640869,6.865152
36519414@N00,47.659436,6.814347
36519414@N00,47.620358,6.986258
36519414@N00,47.640869,6.865152
36519414@N00,48.126369,6.786783
36519414@N00,47.651794,6.846655
36519414@N00,47.640869,6.865152
36519414@N00,47.620358,6.986258
36519414@N00,47.640869,6.865152
36519414@N00,47.640869,6.865152
36519414@N00,47.640869,6.865152
36519414@N00,47.640869,6.865152
36519414@N00,47.640869,6.865152
36519414@N00,47.62198,6.89535
36519414@N00,47.62198,6.89535
36519414@N00,47.62173,6.896819
36519414@N00,47.62173,6.896819
36519414@N00,47.89968,6.56758
36519414@N00,47.89968,6.56758
36519414@N00,47.640869,6.865152
36519414@N00,47.640869,6.865152
36519414@N00,47.640869,6.865152
36519414@N00,47.620358,6.986258
36519414@N00,47.620358,6.986258
36519414@N00,47.620358,6.986258
36519414@N00,47.620358,6.986258
36519414@N00,47.62163,6.896855
36519414@N00,47.621441,6.902408
36519414@N00,47.620358,6.986258
36519414@N00,47.620358,6.986258
36519414@N00,47.620358,6.986258
36519414@N00,47.621641,6.896791
36519414@N00,47.621641,6.896791
36519414@N00,47.621641,6.896791
36519414@N00,47.640869,6.865152
36519414@N00,47.640869,6.865152
36519414@N00,47.640869,6.865152
36519414@N00,47.640869,6.865152
36519414@N00,47.640869,6.865152
36519414@N00,47.640869,6.865152
36519414@N00,47.640869,6.865152
36519414@N00,47.640869,6.865152
36519414@N00,47.651975,6.855011
36519414@N00,47.651975,6.855011
36519414@N00,47.651975,6.855011
36519414@N00,47.640869,6.865152
36519414@N00,47.640869,6.865152
36519414@N00,47.621869,6.895288
36519414@N00,47.640869,6.865152
36519414@N00,47.640869,6.865152
36519414@N00,47.640869,6.865152
36519414@N00,47.640869,6.865152
36519414@N00,47.621655,6.896769
36519414@N00,47.621655,6.896769
36519414@N00,47.640869,6.865152
36519414@N00,47.640869,6.865152
36519414@N00,47.620358,6.986258
36519414@N00,47.620358,6.986258
36519414@N00,47.620358,6.986258
36519414@N00,47.620358,6.986258
36519414@N00,47.620358,6.986258
36519414@N00,47.620358,6.986258
36519414@N00,47.620358,6.986258
36519414@N00,47.620358,6.986258
36519414@N00,47.640869,6.865152
36519414@N00,47.640869,6.865152
36519414@N00,47.640869,6.865152
36519414@N00,47.640869,6.865152
36519414@N00,47.640869,6.865152
36519414@N00,47.640869,6.865152
36519414@N00,47.640869,6.865152
36519414@N00,47.640869,6.865152
36519414@N00,47.992494,7.20708
36519414@N00,47.793958,6.588872
36519414@N00,47.793958,6.588872
36519414@N00,47.651794,6.846655
36519414@N00,47.651794,6.846655
36519414@N00,47.992494,7.20708
36519414@N00,47.620358,6.986258
36519414@N00,47.620358,6.986258
36519414@N00,47.620358,6.986258
36519414@N00,47.620358,6.986258
36519414@N00,47.636725,6.85848
36519414@N00,47.636725,6.85848
36519414@N00,47.636725,6.85848
36519414@N00,47.640869,6.865152
36519414@N00,47.640869,6.865152
36519414@N00,47.660602,6.816652
36519414@N00,47.640869,6.865152
36519414@N00,47.640869,6.865152
36519414@N00,47.640869,6.865152
36519414@N00,47.640869,6.865152
36519414@N00,47.640869,6.865152
36519414@N00,47.651794,6.846655
36519414@N00,47.620358,6.986258
36519414@N00,47.640869,6.865152
36519414@N00,47.640869,6.865152
36519414@N00,47.640869,6.865152
36519414@N00,47.4674,6.872886
36519414@N00,47.640869,6.865152
36519414@N00,47.640869,6.865152
36519414@N00,47.640869,6.865152
36519414@N00,47.640869,6.865152
36519414@N00,47.620358,6.986258
36519414@N00,47.640869,6.865152
36519414@N00,47.640869,6.865152
36519414@N00,47.640869,6.865152
36519414@N00,47.640869,6.865152
36519414@N00,47.640869,6.865152
36519414@N00,47.640869,6.865152
36519414@N00,47.586197,6.764263
36519414@N00,47.640869,6.865152
36519414@N00,47.640869,6.865152
36519414@N00,47.640869,6.865152
36519414@N00,47.640869,6.865152
36519414@N00,47.621719,6.896425
36519414@N00,47.640869,6.865152
36519414@N00,47.620358,6.986258
36519414@N00,47.651794,6.846655
36519414@N00,47.586191,6.764263
36519414@N00,47.586191,6.764263
36519414@N00,47.621925,6.895513
36519414@N00,47.640869,6.865152
36519414@N00,47.640869,6.865152
36519414@N00,47.640869,6.865152
36519414@N00,47.640869,6.865152
36519414@N00,47.651794,6.846655
36519414@N00,47.651794,6.846655
36519414@N00,47.640869,6.865152
36519414@N00,47.640764,6.865317
36519414@N00,47.640764,6.865317
36519414@N00,47.686943,6.806931
36519414@N00,47.620339,6.986253
36519414@N00,47.640713,6.865071
36519414@N00,47.640713,6.865071
36519414@N00,47.640713,6.865071
36519414@N00,47.620367,6.986296
36519414@N00,47.642998,6.867249
36519414@N00,47.643171,6.865618
36519414@N00,47.640713,6.865071
36519414@N00,47.640713,6.865071
36519414@N00,47.640713,6.865071
36519414@N00,47.640713,6.865071
36519414@N00,47.640713,6.865071
36519414@N00,48.126913,6.784572
36519414@N00,48.126913,6.784572
36519414@N00,47.640713,6.865071
36519414@N00,47.640713,6.865071
36519414@N00,47.640713,6.865071
36519414@N00,47.640713,6.865071
36519414@N00,47.640713,6.865071
36519414@N00,47.640713,6.865071
36519414@N00,47.640757,6.865339
36519414@N00,47.640757,6.865339
36519414@N00,47.640757,6.865339
36519414@N00,47.640757,6.865339
36519414@N00,47.640757,6.865339
36519414@N00,47.640757,6.865339
36519414@N00,47.640757,6.865339
36519414@N00,47.640757,6.865339
36519414@N00,47.640757,6.865339
36519414@N00,47.652495,6.845512
36519414@N00,47.651743,6.846284
36519414@N00,47.657749,6.858
36519414@N00,47.651743,6.846284
36519414@N00,47.651743,6.846284
36519414@N00,47.651743,6.846284
36519414@N00,47.640713,6.865071
36519414@N00,47.640713,6.865071
36519414@N00,47.640713,6.865071
36519414@N00,47.640713,6.865071
36519414@N00,47.640713,6.865071
36519414@N00,47.640713,6.865071
36519414@N00,47.687044,6.806845
36519414@N00,47.687044,6.806845
36519414@N00,47.651765,6.846424
36519414@N00,47.651765,6.846424
36519414@N00,47.651765,6.846424
36519414@N00,47.651765,6.846424
36519414@N00,47.651765,6.846424
36519414@N00,47.651765,6.846424
36519414@N00,47.651765,6.846424
36519414@N00,47.651765,6.846424
36519414@N00,47.640764,6.865317
36519414@N00,47.640764,6.865317
36519414@N00,47.640764,6.865317
36519414@N00,47.640764,6.865317
36519414@N00,47.640764,6.865317
36519414@N00,47.640764,6.865317
36519414@N00,47.640764,6.865317
36519414@N00,47.640764,6.865317
36519414@N00,47.652495,6.845512
36519414@N00,47.651772,6.846585
36519414@N00,47.651874,6.846542
36519414@N00,47.652495,6.845512
36519414@N00,47.652495,6.845512
36519414@N00,47.640764,6.865317
36519414@N00,47.640764,6.865317
36519414@N00,47.640764,6.865317
36519414@N00,47.640764,6.865317
36519414@N00,47.652495,6.845512
36519414@N00,47.651787,6.846553
36519414@N00,47.651845,6.846499
36519414@N00,47.652495,6.845512
36519414@N00,47.640764,6.865317
36519414@N00,47.652495,6.845512
36519414@N00,47.652495,6.845512
36519414@N00,47.652495,6.845512
36519414@N00,47.651765,6.846424
36519414@N00,47.640764,6.865317
36519414@N00,47.640764,6.865317
36519414@N00,47.640764,6.865317
36519414@N00,47.640764,6.865317
36519414@N00,47.640764,6.865317
36519414@N00,47.640764,6.865317
36519414@N00,47.640764,6.865317
36519414@N00,47.640764,6.865317
36519414@N00,47.651765,6.846424
36519414@N00,47.640764,6.865317
36519414@N00,47.640764,6.865317
36519414@N00,47.640764,6.865317
36519414@N00,47.640764,6.865317
36519414@N00,47.640764,6.865317
36519414@N00,47.640764,6.865317
36519414@N00,47.640764,6.865317
36519414@N00,47.640764,6.865317
36519414@N00,47.640764,6.865317
36519414@N00,47.640764,6.865317
36519414@N00,47.640764,6.865317
36519414@N00,47.640764,6.865317
36519414@N00,47.659621,6.813454
36519414@N00,47.659621,6.813454
36519414@N00,47.659621,6.813454
36519414@N00,47.659621,6.813454
36519414@N00,47.640764,6.865317
36519414@N00,47.640764,6.865317
36519414@N00,47.659621,6.813454
36519414@N00,47.651765,6.846424
36519414@N00,47.651765,6.846424
36519414@N00,47.640764,6.865317
36519414@N00,47.640764,6.865317
36519414@N00,47.651765,6.846424
36519414@N00,47.651765,6.846424
36519414@N00,47.651765,6.846424
36519414@N00,47.640764,6.865317
36519414@N00,47.640764,6.865317
36519414@N00,47.640764,6.865317
36519414@N00,47.640764,6.865317
36519414@N00,47.640764,6.865317
36519414@N00,47.640764,6.865317
36519414@N00,47.640764,6.865317
36519414@N00,47.640764,6.865317
36519414@N00,47.640764,6.865317
36519414@N00,47.640764,6.865317
36519414@N00,47.651765,6.846424
36519414@N00,47.640764,6.865317
36519414@N00,47.651765,6.846424
36519414@N00,47.651765,6.846424
36519414@N00,47.651765,6.846424
36519414@N00,47.651765,6.846424
36519414@N00,47.651765,6.846424
36519414@N00,47.651765,6.846424
36519414@N00,47.651765,6.846424
36519414@N00,47.651765,6.846424
36519414@N00,47.651765,6.846424
36519414@N00,47.651765,6.846424
36519414@N00,47.651765,6.846424
36519414@N00,47.651765,6.846424
36519414@N00,47.651765,6.846424
36519414@N00,47.651765,6.846424
36519414@N00,47.651765,6.846424
36519414@N00,47.640757,6.865339
36519414@N00,47.620339,6.986274
36519414@N00,47.620353,6.986274
36519414@N00,47.651765,6.846424
36519414@N00,47.651765,6.846424
36519414@N00,47.651765,6.846424
36519414@N00,47.640764,6.865317
36519414@N00,47.640764,6.865317
36519414@N00,47.640764,6.865317
36519414@N00,47.640764,6.865317
36519414@N00,47.640764,6.865317
36519414@N00,47.640764,6.865317
36519414@N00,47.640764,6.865317
36519414@N00,47.640764,6.865317
36519414@N00,47.640764,6.865317
36519414@N00,47.661283,6.817531
36519414@N00,47.661283,6.817531
36519414@N00,47.651765,6.846424
36519414@N00,47.651765,6.846424
36519414@N00,47.640764,6.865317
36519414@N00,47.640764,6.865317
36519414@N00,47.640764,6.865317
36519414@N00,47.640764,6.865317
36519414@N00,47.640764,6.865317
36519414@N00,47.640764,6.865317
36519414@N00,47.640764,6.865317
36519414@N00,47.640764,6.865317
36519414@N00,47.640764,6.865317
36519414@N00,47.640764,6.865317
36519414@N00,47.640764,6.865317
36519414@N00,47.640764,6.865317
36519414@N00,47.640764,6.865317
36519414@N00,47.640764,6.865317
36519414@N00,47.640764,6.865317
36519414@N00,47.640764,6.865317
36519414@N00,47.640764,6.865317
36519414@N00,47.640764,6.865317
36519414@N00,47.640764,6.865317
36519414@N00,47.651765,6.846424
36519414@N00,47.640764,6.865317
36519414@N00,47.640764,6.865317
36519414@N00,47.640764,6.865317
36519414@N00,47.640764,6.865317
36519414@N00,47.640764,6.865317
36519414@N00,47.651765,6.846424
36519414@N00,47.640764,6.865317
36519414@N00,47.640764,6.865317
36519414@N00,47.6408,6.865478
36519414@N00,47.6408,6.865478
36519414@N00,47.6408,6.865478
36519414@N00,47.6408,6.865478
36519414@N00,47.6408,6.865478
36519414@N00,47.485671,6.761934
36519414@N00,47.485671,6.761934
36519414@N00,47.485671,6.761934
36519414@N00,47.485671,6.761934
36519414@N00,47.485671,6.761934
36519414@N00,47.485671,6.761934
36519414@N00,47.485671,6.761934
36519414@N00,47.6408,6.865478
36519414@N00,47.6408,6.865478
36519414@N00,47.6408,6.865478
36519414@N00,47.6408,6.865478
36519414@N00,47.6408,6.865478
36519414@N00,47.6408,6.865478
36519414@N00,47.6408,6.865478
36519414@N00,47.6408,6.865478
36519414@N00,47.6408,6.865478
36519414@N00,47.6408,6.865478
36519414@N00,47.6408,6.865478
36519414@N00,47.6408,6.865478
36519414@N00,47.6408,6.865478
36519414@N00,47.6408,6.865478
36519414@N00,47.6408,6.865478
36519414@N00,47.6408,6.865478
36519414@N00,47.6408,6.865478
36519414@N00,47.6408,6.865478
36519414@N00,47.651787,6.846553
36519414@N00,47.651787,6.846553
36519414@N00,47.6408,6.865478
36519414@N00,47.6408,6.865478
36519414@N00,47.6408,6.865478
36519414@N00,47.6408,6.865478
36519414@N00,47.6408,6.865478
36519414@N00,47.6408,6.865478
36519414@N00,47.6408,6.865478
36519414@N00,47.6408,6.865478
36519414@N00,47.6408,6.865478
36519414@N00,47.6408,6.865478
36519414@N00,47.6408,6.865478
36519414@N00,47.6408,6.865478
36519414@N00,47.6408,6.865478
36519414@N00,47.6408,6.865478
36519414@N00,47.6408,6.865478
36519414@N00,47.6408,6.865478
36519414@N00,47.6408,6.865478
36519414@N00,47.6408,6.865478
36519414@N00,47.640757,6.865339
36519414@N00,47.651666,6.846722
36519414@N00,47.640757,6.865339
36519414@N00,47.640757,6.865339
36519414@N00,47.640757,6.865339
36519414@N00,47.640757,6.865339
36519414@N00,47.640757,6.865339
36519414@N00,47.640757,6.865339
36519414@N00,47.640757,6.865339
36519414@N00,47.640757,6.865339
36519414@N00,47.640757,6.865339
36519414@N00,47.640757,6.865339
36519414@N00,47.640757,6.865339
36519414@N00,47.640757,6.865339
36519414@N00,47.640757,6.865339
36519414@N00,47.640757,6.865339
36519414@N00,47.640757,6.865339
36519414@N00,47.640757,6.865339
36519414@N00,47.651666,6.846722
36519414@N00,47.651666,6.846722
36519414@N00,47.640757,6.865339
36519414@N00,47.686596,6.807339
36519414@N00,47.686596,6.807339
36519414@N00,47.686596,6.807339
36519414@N00,47.686596,6.807339
36519414@N00,47.640757,6.865339
36519414@N00,47.640757,6.865339
36519414@N00,47.640757,6.865339
36519414@N00,47.651666,6.846722
36519414@N00,47.640757,6.865339
36519414@N00,47.640757,6.865339
36519414@N00,47.640757,6.865339
36519414@N00,47.640757,6.865339
36519414@N00,47.640757,6.865339
36519414@N00,47.640757,6.865339
36519414@N00,47.640757,6.865339
36519414@N00,47.640757,6.865339
36519414@N00,47.640757,6.865339
36519414@N00,47.640757,6.865339
36519414@N00,47.640757,6.865339
36519414@N00,47.620324,6.986253
36519414@N00,47.620324,6.986253
36519414@N00,47.620324,6.986253
36519414@N00,47.620353,6.986317
33763963@N05,49.781541,9.181351
33763963@N05,49.774114,9.068527
33763963@N05,49.656571,9.117279
33763963@N05,49.876191,8.976774
33763963@N05,49.907018,9.016342
33763963@N05,49.856468,9.109897
33763963@N05,49.844929,9.128351
33763963@N05,49.839641,9.14435
33763963@N05,49.845621,9.129638
33763963@N05,49.846119,9.132685
33763963@N05,49.839641,9.14435
33763963@N05,49.839641,9.14435
33763963@N05,49.839641,9.14435
33763963@N05,49.656627,9.116764
33763963@N05,49.839641,9.14435
33763963@N05,49.839641,9.14435
33763963@N05,49.856288,9.102215
33763963@N05,49.797943,9.137363
33763963@N05,49.797721,9.137363
33763963@N05,49.797887,9.137191
33763963@N05,49.856523,9.107322
33763963@N05,49.845731,9.130496
33763963@N05,49.772728,9.070758
33763963@N05,49.841082,9.145431
33763963@N05,49.813065,9.191608
33763963@N05,49.838978,9.149465
33763963@N05,49.773448,9.069042
33763963@N05,49.813342,9.191093
33763963@N05,49.813176,9.191694
33763963@N05,49.813134,9.191265
33763963@N05,49.811071,9.191093
33763963@N05,49.813065,9.192209
33763963@N05,49.811071,9.191093
33763963@N05,49.813065,9.193325
33763963@N05,49.813172,9.192595
33763963@N05,49.773338,9.069385
33763963@N05,49.773892,8.946132
33763963@N05,49.773892,9.068355
33763963@N05,49.772617,9.071102
33763963@N05,49.772617,9.071102
33763963@N05,49.852428,9.133243
33763963@N05,49.852428,9.133243
33763963@N05,49.774391,9.067797
33763963@N05,49.799328,9.153327
33763963@N05,49.852428,9.133243
33763963@N05,49.801322,9.151954
33763963@N05,49.845953,9.131183
33763963@N05,49.774058,9.068698
33763963@N05,49.837871,9.18869
33763963@N05,49.655738,9.117965
33763963@N05,49.813134,9.192187
33763963@N05,49.773171,9.070587
33763963@N05,49.773837,9.06784
33763963@N05,49.773393,9.068527
33763963@N05,49.77367,9.06887
33763963@N05,49.839641,9.14435
33763963@N05,49.839641,9.14435
33763963@N05,49.839641,9.14435
33763963@N05,49.655766,9.118137
33763963@N05,49.656794,9.11745
33763963@N05,49.839641,9.14435
33763963@N05,49.839641,9.14435
33763963@N05,49.839641,9.14435
33763963@N05,49.813131,9.192659
33763963@N05,49.813093,9.192016
33763963@N05,49.839641,9.14435
33763963@N05,49.813155,9.192327
33763963@N05,49.839641,9.14435
33763963@N05,49.813134,9.192262
33763963@N05,49.81312,9.192155
33763963@N05,49.839641,9.14435
33763963@N05,49.774058,9.069042
33763963@N05,49.81319,9.191308
29638083@N00,-34.719845,-59.494906
29638083@N00,-34.252437,-59.391614
29638083@N00,-35.395034,-57.146345
29638083@N00,-38.294614,-57.853839
29638083@N00,-35.394978,-57.146464
29638083@N00,-33.160284,-58.358231
29638083@N00,-33.160081,-58.358137
29638083@N00,-33.160267,-58.358234
29638083@N00,-33.160248,-58.358153
29638083@N00,-33.160262,-58.358178
29638083@N00,-35.396156,-57.147523
29638083@N00,-34.179059,-59.677023
29638083@N00,-34.1791,-59.677062
29638083@N00,-39.116773,-67.686173
29638083@N00,-34.179078,-59.677112
29638083@N00,-34.179153,-59.677037
29638083@N00,-34.179123,-59.677214
29638083@N00,-34.50567,-58.473653
29638083@N00,-39.32012,-68.78907
29638083@N00,-33.160264,-58.358187
29638083@N00,-34.179153,-59.677162
29638083@N00,-34.1791,-59.677062
29638083@N00,-34.179081,-59.677064
29638083@N00,-39.320042,-68.789089
29638083@N00,-34.179123,-59.677214
29638083@N00,-39.320112,-68.78907
29638083@N00,-39.320023,-68.789187
29638083@N00,-35.580128,-58.019656
29638083@N00,-35.580162,-58.019739
29638083@N00,-35.580145,-58.019664
29638083@N00,-39.319112,-68.79132
29638083@N00,-41.283998,-66.307984
29638083@N00,-35.580148,-58.0197
29638083@N00,-35.580128,-58.019656
29638083@N00,-35.396117,-57.147545
29638083@N00,-35.394962,-57.146442
29638083@N00,-34.65213,-59.432338
29638083@N00,-34.544883,-59.414405
29638083@N00,-38.294673,-57.850695
29638083@N00,-34.252478,-59.391695
29638083@N00,-37.043668,-59.754638
29638083@N00,-34.697307,-59.451828
29638083@N00,-35.394912,-57.146489
29638083@N00,-34.688416,-59.441528
29638083@N00,-38.296309,-57.852781
29638083@N00,-38.295625,-57.852781
29638083@N00,-37.131617,-62.807514
29638083@N00,-34.505681,-58.473587
29638083@N00,-37.133931,-62.811434
29638083@N00,-40.716785,-64.995417
29638083@N00,-36.778251,-59.86502
29638083@N00,-34.50567,-58.4737
29638083@N00,-38.293962,-57.848201
29638083@N00,-36.778251,-59.86502
24710541@N08,53.311355,-4.041
24710541@N08,53.311352,-4.041017
24710541@N08,53.12394,-4.019076
24710541@N08,53.306118,-4.693619
24710541@N08,53.093267,-4.05955
24710541@N08,53.123795,-4.018819
24710541@N08,53.123617,-4.018639
24710541@N08,52.88998,-4.035072
24710541@N08,54.698908,-4.902601
24710541@N08,53.147163,-4.352489
24710541@N08,52.895262,-4.031818
24710541@N08,53.311754,-4.121511
24710541@N08,53.310747,-4.041564
24710541@N08,53.134954,-4.414744
24710541@N08,53.4266,-4.415926
24710541@N08,53.351157,-4.259634
24710541@N08,53.135237,-4.4141
24710541@N08,53.311355,-4.041
24710541@N08,53.136005,-4.414428
24710541@N08,53.311847,-4.041174
24710541@N08,53.302786,-4.057852
24710541@N08,53.425807,-4.407507
24710541@N08,53.136323,-4.412071
24710541@N08,53.141392,-4.389279
24710541@N08,53.312297,-4.041148
24710541@N08,53.393807,-4.341659
24710541@N08,53.207677,-4.239864
24710541@N08,52.99811,-3.974639
24710541@N08,52.998195,-3.974386
24710541@N08,54.889405,-4.382998
24710541@N08,54.698927,-4.90262
24710541@N08,52.904703,-4.6504
24710541@N08,52.999719,-3.974713
24710541@N08,53.156716,-4.354898
24710541@N08,53.12307,-4.019558
24710541@N08,53.118254,-4.023807
24710541@N08,53.14904,-4.341799
24710541@N08,53.101733,-4.032489
24710541@N08,53.149606,-4.341269
24710541@N08,52.560669,-3.568117
24710541@N08,53.275727,-4.090389
24710541@N08,53.311536,-4.040356
24710541@N08,56.647908,-4.866953
24710541@N08,53.316836,-4.097373
24710541@N08,53.316813,-4.097323
24710541@N08,53.280688,-4.100045
24710541@N08,54.698902,-4.902628
24710541@N08,52.5605,-3.568103
24710541@N08,52.560449,-3.568117
24710541@N08,53.280688,-4.100042
24710541@N08,52.890574,-4.029423
24710541@N08,53.311302,-4.041556
24710541@N08,53.135766,-4.415176
24710541@N08,52.560475,-3.568153
24710541@N08,53.135966,-4.414789
24710541@N08,53.137675,-4.412781
24710541@N08,53.311355,-4.041017
24710541@N08,53.215086,-4.505614
24710541@N08,53.311019,-4.040925
24710541@N08,53.311782,-4.040549
24710541@N08,53.156716,-4.354898
23966421@N06,53.377991,-6.601109
23966421@N06,53.378075,-6.60095
23966421@N06,53.378075,-6.60095
23966421@N06,51.089861,4.497624
23966421@N06,53.378075,-6.60095
23966421@N06,53.378075,-6.60095
23966421@N06,54.031176,-7.372266
23966421@N06,53.379619,-6.600438
23966421@N06,53.378075,-6.60095
23966421@N06,53.378075,-6.60095
23966421@N06,53.377666,-6.599834
23966421@N06,53.379149,-6.599763
23966421@N06,53.382166,-6.625667
23966421@N06,53.378119,-6.599929
23966421@N06,53.382166,-6.625667
23966421@N06,54.031176,-7.372266
23966421@N06,54.031176,-7.372266
23966421@N06,54.031176,-7.372266
23966421@N06,54.031176,-7.372266
23966421@N06,54.031176,-7.372266
23966421@N06,53.382166,-6.625667
23966421@N06,54.031176,-7.372266
23966421@N06,54.031176,-7.372266
23966421@N06,53.380314,-6.59626
23966421@N06,53.373853,-6.529269
23966421@N06,53.378,-6.555834
23966421@N06,53.3795,-6.601167
23966421@N06,53.3795,-6.601167
23966421@N06,53.372217,-6.613941
23966421@N06,53.377811,-6.55395
23966421@N06,53.377882,-6.600347
23966421@N06,53.353419,-6.613895
23966421@N06,53.353444,-6.613331
23966421@N06,53.353272,-6.612795
23966421@N06,53.353463,-6.613981
23966421@N06,53.350413,-6.603142
23966421@N06,53.350413,-6.603142
23966421@N06,53.395107,-6.601324
23966421@N06,53.378016,-6.601817
23966421@N06,53.353283,-6.612775
23966421@N06,53.378497,-6.60122
23966421@N06,53.372177,-6.614253
23966421@N06,54.031272,-7.3722
23966421@N06,53.377811,-6.55395
23966421@N06,53.353141,-6.612803
23966421@N06,53.35318,-6.612917
23966421@N06,53.353205,-6.612778
23966421@N06,53.353205,-6.612778
23966421@N06,53.353463,-6.613981
23966421@N06,53.353202,-6.612712
23966421@N06,53.379309,-6.602847
23966421@N06,53.379225,-6.603412
23966421@N06,53.353086,-6.612581
23966421@N06,53.353136,-6.612698
23966421@N06,53.378075,-6.60095
23966421@N06,53.353283,-6.612753
23966421@N06,53.353283,-6.612753
23966421@N06,53.352805,-6.611151
23966421@N06,53.377747,-6.602568
23966421@N06,53.37793,-6.602687
23966421@N06,53.353211,-6.613342
23966421@N06,53.353208,-6.613325
23966421@N06,53.353375,-6.61282
23966421@N06,53.353484,-6.612911
23966421@N06,53.353091,-6.612795
23966421@N06,53.353452,-6.613342
23966421@N06,53.378252,-6.601348
23966421@N06,53.353188,-6.613334
23966421@N06,53.353091,-6.612795
23966421@N06,53.3808,-6.593958
23966421@N06,53.3808,-6.593958
23966421@N06,53.379619,-6.600438
23966421@N06,53.379149,-6.599763
23966421@N06,53.3808,-6.593958
23966421@N06,53.353172,-6.612778
23966421@N06,53.353466,-6.613973
23966421@N06,53.378075,-6.60095
23966421@N06,53.378075,-6.60095
23966421@N06,53.378075,-6.60095
23966421@N06,53.387425,-6.567167
23966421@N06,53.38009,-6.582419
23966421@N06,53.378352,-6.601462
23966421@N06,53.378311,-6.600723
23966421@N06,53.378108,-6.600862
23966421@N06,53.377619,-6.600793
23966421@N06,53.377619,-6.600793
23966421@N06,53.377619,-6.600793
23966421@N06,53.387673,-6.567528
23966421@N06,53.376301,-6.540856
23966421@N06,53.377619,-6.600793
23966421@N06,53.377619,-6.600793
23966421@N06,53.377619,-6.600793
23966421@N06,53.377619,-6.600793
23966421@N06,53.387289,-6.567238
23966421@N06,53.379,-6.565
23966421@N06,53.387468,-6.567163
23966421@N06,53.379,-6.565
23966421@N06,53.379833,-6.5965
23966421@N06,51.11534,4.548098
23966421@N06,51.11534,4.548098
23966421@N06,53.38009,-6.582419
23966421@N06,53.38009,-6.582419
23966421@N06,54.031516,-7.372164
23966421@N06,54.031516,-7.372164
23966421@N06,53.37793,-6.602687
23966421@N06,53.37793,-6.602687
23966421@N06,53.353484,-6.612911
23966421@N06,53.376493,-6.596367
23966421@N06,53.379416,-6.603509
23966421@N06,53.377709,-6.603212
23966421@N06,53.379619,-6.600438
23966421@N06,53.377666,-6.599834
23966421@N06,53.379225,-6.603412
23966421@N06,53.37793,-6.602687
23409752@N08,-32.181769,116.075212
23409752@N08,-32.181787,116.075191
23409752@N08,-32.27554,116.06826
23409752@N08,-32.181823,116.075255
23409752@N08,-32.181823,116.07517
23409752@N08,-32.181841,116.075191
23409752@N08,-32.181805,116.075212
23409752@N08,-32.18186,116.075191
23409752@N08,-32.181914,116.07517
23409752@N08,-32.181823,116.075234
23409752@N08,-32.181769,116.075191
23409752@N08,-32.182223,116.078968
23409752@N08,-32.18186,116.07517
23409752@N08,-32.181769,116.07517
23409752@N08,-32.181796,116.075105
23409752@N08,-32.18186,116.07517
23409752@N08,-32.181769,116.075148
23409752@N08,-32.181787,116.075191
23409752@N08,-32.181823,116.075148
22837563@N08,40.80391,-111.868286
22837563@N08,40.80391,-111.868286
22837563@N08,40.746931,-111.875066
22837563@N08,40.746931,-111.875066
22837563@N08,40.746931,-111.875066
22433418@N04,38.624246,-90.185394
22433418@N04,38.965548,-95.233612
22433418@N04,38.800654,-95.320701
22433418@N04,38.930704,-95.157279
22433418@N04,38.962478,-95.181083
22433418@N04,38.920654,-95.183715
22433418@N04,38.919085,-95.348281
22433418@N04,38.921222,-95.353431
22433418@N04,38.747925,-95.318756
22433418@N04,89.999666,-17.812507
22433418@N04,38.955637,-95.215415
22433418@N04,38.882297,-95.130336
22433418@N04,38.914678,-95.351371
22433418@N04,38.958207,-95.136337
22433418@N04,38.907331,-95.161514
22433418@N04,38.839707,-95.194015
22433418@N04,38.959675,-95.240478
22433418@N04,38.961277,-95.228805
22433418@N04,38.954603,-95.243911
22433418@N04,38.952734,-95.158309
22433418@N04,38.965281,-95.236244
22433418@N04,38.933817,-95.23271
22433418@N04,38.61915,-95.99121
22433418@N04,38.962879,-95.231552
22433418@N04,38.973823,-95.244598
22433418@N04,38.837167,-95.136108
22433418@N04,38.986233,-95.178909
22433418@N04,38.945324,-95.179367
22433418@N04,38.614992,-95.990867
22433418@N04,38.907197,-95.177192
22433418@N04,38.616468,-95.990524
22433418@N04,38.617004,-95.99121
22433418@N04,38.915613,-95.350513
22433418@N04,-88.239144,-145.546875
22433418@N04,89.962537,-145.898437
22433418@N04,39.00331,-95.262336
22433418@N04,39.126198,-94.832496
22433418@N04,38.401814,-95.525321
22433418@N04,38.804533,-95.239334
22433418@N04,38.916147,-95.338668
22433418@N04,38.966749,-95.455627
22433418@N04,86.133185,-92.548828
22433418@N04,38.921088,-95.157737
22433418@N04,39.435066,-96.073637
22433418@N04,38.956739,-95.148468
22433418@N04,38.951132,-95.127182
22433418@N04,38.953535,-95.163574
22433418@N04,38.400738,-95.526008
22433418@N04,38.953468,-95.129628
22433418@N04,38.922825,-95.157737
22433418@N04,38.93057,-95.155677
22433418@N04,38.931371,-95.366477
22433418@N04,38.897713,-95.295753
22433418@N04,38.92002,-95.328025
22433418@N04,38.921356,-95.333518
22433418@N04,38.92376,-95.329055
22433418@N04,38.942258,-92.594683
22433418@N04,38.953535,-95.660705
22433418@N04,38.919619,-95.335407
22433418@N04,38.953535,-95.130615
22433418@N04,38.950064,-95.138511
22433418@N04,38.959408,-95.130615
22433418@N04,38.817909,-95.227317
22433418@N04,38.400738,-95.545578
22433418@N04,38.950731,-95.139884
22433418@N04,38.403428,-95.545234
22433418@N04,38.406522,-95.537681
22433418@N04,38.874864,-95.428504
22433418@N04,38.900384,-95.441207
22433418@N04,39.0905,-95.212898
22433418@N04,40.707384,-74.01206
22433418@N04,89.984373,-71.542968
22433418@N04,38.849333,-95.208206
22433418@N04,38.916815,-94.972343
22433418@N04,38.931238,-95.111389
22433418@N04,38.624787,-90.1849
22433418@N04,38.857622,-95.111045
22433418@N04,38.887157,-95.233955
22433418@N04,38.622905,-90.18505
22433418@N04,38.619016,-90.188484
22433418@N04,38.81082,-95.134277
22433418@N04,38.916414,-95.226745
22433418@N04,39.196741,-95.308113
22433418@N04,39.228131,-95.434799
22433418@N04,38.863904,-95.167565
22433418@N04,38.966442,-95.234878
22433418@N04,38.917134,-95.190997
22433418@N04,38.916132,-95.181384
22433418@N04,38.9652,-95.15675
22433418@N04,38.907197,-95.180625
22433418@N04,39.225604,-95.254783
22433418@N04,38.925562,-95.374374
22433418@N04,38.796239,-95.219078
22433418@N04,38.920421,-95.378837
22433418@N04,38.964213,-95.233612
22433418@N04,39.048285,-95.19556
22433418@N04,38.83944,-95.198364
22433418@N04,38.921356,-95.374889
22433418@N04,38.935377,-95.398979
22433418@N04,38.795169,-95.312919
22433418@N04,39.037986,-95.200881
22433418@N04,38.900103,-95.177521
22433418@N04,38.946059,-95.271949
22433418@N04,-87.984704,-111.09375
22433418@N04,38.965148,-95.195503
22084572@N07,49.038402,8.301522
22084572@N07,52.270792,10.613315
22084572@N07,52.271098,10.614295
22084572@N07,52.271054,10.612113
22084572@N07,49.038402,8.301522
22084572@N07,52.271164,10.614166
18548283@N00,32.904963,-116.474514
18548283@N00,32.980397,-116.568545
18548283@N00,32.880054,-116.421133
18548283@N00,32.880082,-116.421093
18548283@N00,32.880078,-116.421132
18548283@N00,32.943765,-116.643486
18548283@N00,32.906841,-116.2037
18548283@N00,32.955888,-116.581373
18548283@N00,32.955913,-116.581331
18548283@N00,32.956261,-116.582987
18548283@N00,32.955911,-116.58437
18548283@N00,32.90503,-116.474462
18548283@N00,33.26983,-116.409152
18548283@N00,32.955769,-116.581862
18548283@N00,33.26983,-116.409152
18548283@N00,32.904969,-116.474403
18548283@N00,32.905013,-116.474428
18548283@N00,33.311462,-116.391755
18548283@N00,32.906841,-116.2037
18548283@N00,32.906841,-116.2037
18548283@N00,32.906841,-116.2037
18548283@N00,32.904913,-116.474489
18548283@N00,32.906841,-116.2037
18548283@N00,32.904905,-116.474592
18548283@N00,32.906841,-116.2037
18548283@N00,32.956005,-116.582714
18548283@N00,32.972,-116.575448
18548283@N00,32.904911,-116.474512
18548283@N00,32.905027,-116.47447
18548283@N00,32.955891,-116.581317
18548283@N00,32.87291,-116.975812
18548283@N00,32.955902,-116.581328
18548283@N00,32.955961,-116.58132
18548283@N00,33.26983,-116.409152
